date,grade,aqi,pm2.5,pm10,so2,no2,co,o3
2013/12/1,¡º,5,60,77,34,56,1.7,15
2013/12/2,«·∂»Œ€»æ,41,98,123,53,75,2.53,6
2013/12/3,«·∂»Œ€»æ,31,65,88,38,54,1.58,20
2013/12/4,¡º,29,83,101,42,62,2.04,11
2013/12/5,¡º,19,39,55,30,38,1.17,23
2013/12/6,¡º,32,125,158,49,77,2.46,6
2013/12/7,÷ÿ∂»Œ€»æ,76,248,292,63,100,4.34,3
2013/12/8,—œ÷ÿŒ€»æ,97,179,192,48,61,3.01,5
2013/12/9,¡º,26,11,16,9,21,0.59,39
2013/12/10,”≈,1,20,44,14,29,0.96,29
2013/12/11,”≈,2,19,29,14,29,0.74,31
2013/12/12,”≈,1,15,28,10,24,0.75,35
2013/12/13,”≈,4,47,63,29,45,1.3,16
2013/12/14,¡º,11,40,47,29,40,1.18,26
2013/12/15,¡º,16,47,55,31,49,1.52,18
2013/12/16,¡º,47,104,127,59,71,2.55,6
2013/12/17,«·∂»Œ€»æ,78,58,45,35,38,1.34,31
2013/12/18,”≈,19,27,41,22,30,0.81,31
2013/12/19,”≈,22,45,59,29,49,1.22,22
2013/12/20,¡º,24,30,46,28,46,1.1,25
2013/12/21,”≈,3,64,84,44,69,1.64,20
2013/12/22,«·∂»Œ€»æ,60,134,177,67,95,2.74,7
2013/12/23,÷–∂»Œ€»æ,74,126,165,61,90,2.87,12
2013/12/24,÷ÿ∂»Œ€»æ,64,221,268,95,123,4.85,6
2013/12/25,—œ÷ÿŒ€»æ,80,166,216,64,92,3.2,24
2013/12/26,¡º,18,9,19,8,20,0.4,50
2013/12/27,”≈,1,16,21,19,34,0.59,23
2013/12/28,”≈,3,11,19,11,22,0.38,20
2013/12/29,¡º,7,57,86,47,75,1.73,15
2013/12/30,¡º,9,41,83,27,51,1.06,27
2013/12/31,¡º,32,51,149,23,49,1.27,33
2014/1/1,¡º,31,44,110,27,62,1.48,27
2014/1/2,«·∂»Œ€»æ,65,110,166,71,92,3.4,8
2014/1/3,¡º,29,46,97,28,52,1.3,32
2014/1/4,÷–∂»Œ€»æ,127,116,149,40,76,2.84,4
2014/1/5,«·∂»Œ€»æ,48,89,116,35,67,2.29,15
2014/1/6,÷–∂»Œ€»æ,112,139,160,46,68,2.38,4
2014/1/7,«·∂»Œ€»æ,116,110,124,34,59,1.97,20
2014/1/8,”≈,1,15,25,13,21,0.51,43
2014/1/9,”≈,4,26,45,19,34,0.8,35
2014/1/10,¡º,59,63,94,53,70,1.89,9
2014/1/11,«·∂»Œ€»æ,124,109,131,77,92,2.8,8
2014/1/12,”≈,6,23,42,25,36,0.69,39
2014/1/13,«·∂»Œ€»æ,113,82,107,66,78,2.3,9
2014/1/14,«·∂»Œ€»æ,84,82,108,67,75,2.37,12
2014/1/15,«·∂»Œ€»æ,104,122,149,74,91,2.8,10
2014/1/16,—œ÷ÿŒ€»æ,183,343,376,110,122,4.45,9
2014/1/17,÷ÿ∂»Œ€»æ,134,169,200,67,76,2.51,12
2014/1/18,«·∂»Œ€»æ,48,77,84,43,62,1.57,21
2014/1/19,÷–∂»Œ€»æ,98,115,186,71,72,2.51,17
2014/1/20,”≈,1,7,33,6,15,0.32,56
2014/1/21,¡º,13,35,47,33,45,0.95,31
2014/1/22,÷–∂»Œ€»æ,166,117,143,74,92,2.3,8
2014/1/24,÷–∂»Œ€»æ,143,147,167,78,92,2.78,12
2014/1/25,”≈,4,22,39,23,39,0.88,41
2014/1/26,¡º,80,52,81,45,47,0.99,29
2014/1/27,«·∂»Œ€»æ,131,89,119,56,60,1.78,23
2014/1/28,¡º,45,40,76,28,39,0.92,42
2014/1/29,÷–∂»Œ€»æ,146,118,142,70,75,2.3,9
2014/1/30,¡º,49,67,90,37,44,1.16,42
2014/1/31,÷–∂»Œ€»æ,71,143,181,63,47,1.44,21
2014/2/1,÷–∂»Œ€»æ,134,135,146,51,57,1.99,7
2014/2/2,«·∂»Œ€»æ,68,63,93,18,30,1.19,43
2014/2/3,”≈,11,5,31,4,8,0.3,69
2014/2/4,”≈,64,26,39,19,21,0.62,56
2014/2/5,«·∂»Œ€»æ,181,87,101,52,48,1.58,25
2014/2/6,÷–∂»Œ€»æ,185,119,131,67,65,2.08,20
2014/2/7,«·∂»Œ€»æ,164,94,60,34,51,1.45,23
2014/2/8,«·∂»Œ€»æ,155,72,43,23,38,1.27,33
2014/2/9,”≈,27,8,15,15,17,0.45,55
2014/2/10,”≈,20,23,27,25,37,0.74,42
2014/2/11,«·∂»Œ€»æ,167,100,114,58,78,2.09,17
2014/2/12,«·∂»Œ€»æ,154,111,115,53,77,2.15,21
2014/2/13,÷ÿ∂»Œ€»æ,184,190,176,74,84,2.85,16
2014/2/14,—œ÷ÿŒ€»æ,187,265,295,73,94,3.11,13
2014/2/15,—œ÷ÿŒ€»æ,186,387,443,102,107,3.75,14
2014/2/16,—œ÷ÿŒ€»æ,182,296,204,79,87,3.18,26
2014/2/17,«·∂»Œ€»æ,152,104,50,65,71,2.03,30
2014/2/18,¡º,151,70,84,37,61,1.13,26
2014/2/19,¡º,98,66,74,34,61,1.23,29
2014/2/20,÷ÿ∂»Œ€»æ,175,161,171,43,78,2.16,9
2014/2/21,—œ÷ÿŒ€»æ,185,257,284,77,103,2.67,20
2014/2/22,—œ÷ÿŒ€»æ,182,262,299,99,101,3.32,11
2014/2/23,—œ÷ÿŒ€»æ,177,212,248,128,92,3.61,9
2014/2/24,—œ÷ÿŒ€»æ,178,259,327,133,119,4.74,10
2014/2/25,—œ÷ÿŒ€»æ,184,353,390,75,121,5.29,8
2014/2/26,—œ÷ÿŒ€»æ,184,315,250,80,105,3.7,13
2014/2/27,”≈,1,15,22,12,22,0.43,57
2014/2/28,«·∂»Œ€»æ,165,77,102,32,71,1.5,15
2014/3/1,¡º,71,38,57,23,48,0.84,50
2014/3/2,÷–∂»Œ€»æ,160,134,164,60,93,2.55,19
2014/3/3,—œ÷ÿŒ€»æ,187,217,247,95,102,4.17,5
2014/3/4,¡º,126,59,80,28,40,1.3,43
2014/3/5,”≈,8,19,34,16,34,0.77,49
2014/3/6,”≈,2,15,27,14,29,0.6,55
2014/3/7,¡º,89,44,66,24,47,1.02,35
2014/3/8,÷–∂»Œ€»æ,175,146,180,69,95,2.37,26
2014/3/9,«·∂»Œ€»æ,145,94,118,45,68,1.59,37
2014/3/10,«·∂»Œ€»æ,109,80,100,53,72,1.67,22
2014/3/11,÷ÿ∂»Œ€»æ,182,158,197,75,82,2.38,36
2014/3/12,”≈,4,10,22,8,25,0.4,63
2014/3/13,¡º,35,20,79,14,37,0.63,51
2014/3/14,¡º,13,20,78,13,31,0.51,63
2014/3/15,«·∂»Œ€»æ,154,93,172,42,89,1.46,28
2014/3/16,÷–∂»Œ€»æ,168,113,198,76,72,2.11,51
2014/3/17,÷–∂»Œ€»æ,151,82,240,26,49,1.2,45
2014/3/18,¡º,48,36,121,16,35,0.61,71
2014/3/19,¡º,35,46,93,16,45,0.77,48
2014/3/20,”≈,1,10,27,5,22,0.38,66
2014/3/21,¡º,17,24,63,11,43,0.62,52
2014/3/22,¡º,89,46,114,16,53,0.84,49
2014/3/23,÷–∂»Œ€»æ,176,126,176,41,67,1.53,76
2014/3/25,÷ÿ∂»Œ€»æ,183,191,229,46,89,1.54,89
2014/3/26,—œ÷ÿŒ€»æ,189,272,321,44,110,1.98,65
2014/3/27,—œ÷ÿŒ€»æ,188,249,300,33,106,2.37,15
2014/3/28,÷–∂»Œ€»æ,172,127,170,24,66,1.69,38
2014/3/29,¡º,74,39,76,7,36,0.58,60
2014/3/30,¡º,39,31,77,8,57,0.54,47
2014/3/31,÷–∂»Œ€»æ,183,132,183,34,80,1.75,45
2014/4/1,«·∂»Œ€»æ,178,105,118,16,60,0.94,74
2014/4/2,«·∂»Œ€»æ,175,99,157,20,57,0.98,75
2014/4/3,¡º,48,22,79,5,36,0.46,59
2014/4/4,¡º,119,31,131,8,39,0.56,56
2014/4/5,¡º,34,21,80,5,29,0.38,74
2014/4/6,¡º,146,52,142,12,58,0.65,53
2014/4/7,«·∂»Œ€»æ,178,97,175,19,62,0.8,79
2014/4/8,÷ÿ∂»Œ€»æ,187,173,237,37,82,1.47,89
2014/4/9,÷–∂»Œ€»æ,184,121,238,19,50,0.9,78
2014/4/10,—œ÷ÿŒ€»æ,190,86,379,27,51,1.28,48
2014/4/11,¡º,107,59,112,16,60,0.96,53
2014/4/12,«·∂»Œ€»æ,158,99,135,24,75,1.44,61
2014/4/13,÷–∂»Œ€»æ,174,151,183,25,71,1.28,88
2014/4/14,—œ÷ÿŒ€»æ,190,234,266,38,69,1.83,139
2014/4/15,«·∂»Œ€»æ,159,91,142,16,61,0.97,48
2014/4/16,¡º,122,51,113,11,68,0.74,39
2014/4/17,«·∂»Œ€»æ,149,91,124,18,70,1.38,48
2014/4/18,÷–∂»Œ€»æ,178,138,124,16,64,1.54,50
2014/4/19,¡º,160,61,83,14,64,0.78,49
2014/4/20,¡º,127,59,79,7,53,0.63,52
2014/4/21,¡º,88,48,79,7,55,0.58,57
2014/4/22,¡º,112,57,101,9,54,0.58,77
2014/4/23,«·∂»Œ€»æ,174,112,146,20,41,0.89,87
2014/4/24,÷–∂»Œ€»æ,177,115,133,18,46,0.92,92
2014/4/25,÷–∂»Œ€»æ,179,129,189,20,68,1.03,76
2014/4/26,¡º,102,37,82,4,27,0.35,59
2014/4/27,¡º,112,50,91,6,46,0.62,60
2014/4/28,¡º,138,61,97,7,49,0.72,79
2014/4/29,«·∂»Œ€»æ,169,89,143,17,67,0.94,86
2014/4/30,«·∂»Œ€»æ,175,102,158,19,66,0.97,93
2014/5/1,÷–∂»Œ€»æ,176,121,186,18,41,0.85,95
2014/5/2,”≈,17,22,45,2,21,0.29,73
2014/5/3,¡º,137,36,128,5,42,0.42,49
2014/5/4,¡º,43,25,59,3,17,0.34,72
2014/5/5,”≈,44,23,54,3,37,0.44,59
2014/5/6,¡º,155,73,124,26,61,0.92,62
2014/5/7,¡º,135,62,102,11,45,0.91,62
2014/5/8,«·∂»Œ€»æ,115,74,107,15,46,0.99,91
2014/5/9,¡º,121,61,106,33,52,1.33,80
2014/5/10,¡º,145,50,87,27,50,1.17,75
2014/5/11,”≈,52,24,20,3,29,0.82,68
2014/5/12,¡º,53,34,68,6,43,0.65,68
2014/5/13,¡º,113,51,123,10,56,0.65,62
2014/5/14,¡º,48,17,62,7,26,0.29,69
2014/5/15,«·∂»Œ€»æ,177,59,180,7,60,0.55,51
2014/5/16,¡º,99,47,128,9,50,0.57,80
2014/5/17,¡º,118,55,120,23,59,0.97,102
2014/5/18,«·∂»Œ€»æ,153,79,145,23,55,0.94,125
2014/5/19,«·∂»Œ€»æ,166,104,156,14,43,0.98,143
2014/5/20,«·∂»Œ€»æ,141,78,129,9,45,0.89,111
2014/5/21,«·∂»Œ€»æ,153,107,168,25,52,1.46,126
2014/5/22,÷–∂»Œ€»æ,186,138,198,37,62,1.44,111
2014/5/23,«·∂»Œ€»æ,175,80,155,19,55,0.81,120
2014/5/24,«·∂»Œ€»æ,162,75,80,5,45,1.01,54
2014/5/25,«·∂»Œ€»æ,141,65,114,2,29,0.67,57
2014/5/26,¡º,54,21,76,4,54,0.44,62
2014/5/27,«·∂»Œ€»æ,85,35,149,4,43,0.39,64
2014/5/28,¡º,76,30,90,8,54,0.6,90
2014/5/29,¡º,78,42,116,9,65,0.69,103
2014/5/30,«·∂»Œ€»æ,128,81,167,34,57,1.49,169
2014/5/31,÷–∂»Œ€»æ,160,112,210,42,58,2.11,166
2014/6/1,¡º,138,43,65,2,27,0.65,132
2014/6/2,¡º,98,27,46,2,29,0.47,104
2014/6/3,¡º,133,32,60,13,39,0.57,115
2014/6/4,¡º,156,54,90,8,46,0.87,121
2014/6/5,«·∂»Œ€»æ,148,60,102,10,46,0.83,132
2014/6/6,¡º,111,59,96,10,45,1.04,55
2014/6/7,”≈,20,9,26,2,27,0.35,64
2014/6/8,¡º,42,25,56,6,55,0.65,58
2014/6/9,¡º,79,27,53,6,42,0.59,75
2014/6/10,¡º,139,66,84,6,42,1.17,78
2014/6/11,¡º,89,38,38,2,30,0.7,78
2014/6/12,¡º,43,24,57,5,39,0.51,89
2014/6/13,¡º,105,50,88,7,44,0.87,90
2014/6/14,¡º,76,37,67,3,39,0.63,119
2014/6/15,«·∂»Œ€»æ,164,98,138,13,50,1.16,134
2014/6/16,÷–∂»Œ€»æ,174,126,150,3,41,1.01,120
2014/6/17,«·∂»Œ€»æ,161,81,99,3,33,0.89,114
2014/6/18,¡º,129,60,72,3,35,0.73,99
2014/6/19,÷–∂»Œ€»æ,181,120,132,5,44,1.16,91
2014/6/20,¡º,145,43,37,2,27,0.79,86
2014/6/21,¡º,176,65,62,4,33,0.96,83
2014/6/22,¡º,89,28,40,2,30,0.58,81
2014/6/23,¡º,80,23,44,2,37,0.47,90
2014/6/24,¡º,135,49,86,5,51,0.73,117
2014/6/25,«·∂»Œ€»æ,183,100,124,10,47,1.21,87
2014/6/26,÷–∂»Œ€»æ,185,125,53,3,32,1.05,114
2014/6/27,”≈,55,18,40,2,33,0.43,76
2014/6/28,”≈,45,19,45,5,41,0.43,68
2014/6/29,¡º,125,41,84,10,51,1,88
2014/6/30,«·∂»Œ€»æ,167,72,120,15,52,1.17,144
2014/7/1,«·∂»Œ€»æ,158,88,136,17,48,0.99,96
2014/7/2,¡º,148,55,57,2,27,0.87,100
2014/7/3,÷ÿ∂»Œ€»æ,189,189,111,4,39,1.28,83
2014/7/4,÷ÿ∂»Œ€»æ,189,186,118,4,39,1.26,102
2014/7/5,÷–∂»Œ€»æ,188,124,105,3,38,1.14,95
2014/7/6,—œ÷ÿŒ€»æ,190,202,154,8,35,1.35,108
2014/7/7,÷ÿ∂»Œ€»æ,187,165,185,8,40,1.17,114
2014/7/8,«·∂»Œ€»æ,179,105,123,8,40,0.86,75
2014/7/9,¡º,75,24,69,5,54,0.56,47
2014/7/10,¡º,109,27,80,8,42,0.51,95
2014/7/11,¡º,71,26,63,4,37,0.44,82
2014/7/12,”≈,58,12,37,2,32,0.32,86
2014/7/13,”≈,61,16,52,2,39,0.4,64
2014/7/14,¡º,123,26,63,4,42,0.52,110
2014/7/15,«·∂»Œ€»æ,182,49,110,6,28,0.6,162
2014/7/16,«·∂»Œ€»æ,178,86,107,4,43,0.8,64
2014/7/17,÷–∂»Œ€»æ,189,132,134,4,40,1.84,80
2014/7/18,÷–∂»Œ€»æ,190,141,109,6,37,1.63,121
2014/7/19,«·∂»Œ€»æ,179,81,101,2,32,0.75,109
2014/7/20,¡º,164,66,91,3,26,0.72,104
2014/7/21,¡º,60,26,42,4,23,0.48,71
2014/7/22,”≈,22,11,36,7,39,0.47,37
2014/7/23,¡º,116,25,74,5,59,0.71,41
2014/7/24,¡º,155,61,112,6,68,0.98,53
2014/7/25,«·∂»Œ€»æ,176,64,90,6,42,1.22,108
2014/7/26,÷–∂»Œ€»æ,180,94,135,10,41,1.18,143
2014/7/27,÷–∂»Œ€»æ,184,106,154,17,34,0.98,165
2014/7/28,÷–∂»Œ€»æ,189,121,155,8,32,0.94,133
2014/7/29,÷–∂»Œ€»æ,186,125,149,5,28,0.85,137
2014/7/30,÷–∂»Œ€»æ,189,119,68,2,28,1.35,104
2014/7/31,÷ÿ∂»Œ€»æ,190,193,72,3,35,1.62,104
2014/8/1,÷–∂»Œ€»æ,189,148,126,3,34,1.33,112
2014/8/2,÷–∂»Œ€»æ,185,124,131,2,39,1.07,111
2014/8/3,÷–∂»Œ€»æ,183,110,138,2,38,1.01,107
2014/8/4,”≈,32,31,42,2,36,0.61,38
2014/8/5,”≈,60,24,49,5,37,0.58,58
2014/8/6,¡º,89,31,63,2,46,0.58,66
2014/8/7,«·∂»Œ€»æ,190,61,92,10,44,1.13,124
2014/8/9,«·∂»Œ€»æ,189,81,123,8,41,1.08,125
2014/8/10,¡º,138,32,51,2,33,0.6,106
2014/8/11,¡º,53,23,48,2,39,0.48,80
2014/8/12,¡º,123,24,57,5,44,0.65,97
2014/8/13,”≈,54,25,35,2,34,0.61,59
2014/8/14,¡º,119,29,44,3,38,0.63,75
2014/8/15,¡º,108,33,65,4,47,0.61,89
2014/8/16,¡º,145,54,92,6,49,0.87,121
2014/8/17,¡º,174,52,87,4,31,0.78,136
2014/8/18,¡º,172,57,85,5,37,0.82,117
2014/8/19,«·∂»Œ€»æ,187,85,119,5,40,0.97,129
2014/8/20,«·∂»Œ€»æ,185,103,145,13,40,1.07,133
2014/8/21,÷–∂»Œ€»æ,188,126,168,8,48,1.15,120
2014/8/23,«·∂»Œ€»æ,184,106,138,4,54,1.09,114
2014/8/24,”≈,41,16,37,4,27,0.44,72
2014/8/25,”≈,33,16,42,3,36,0.45,64
2014/8/26,¡º,78,24,71,4,60,0.54,59
2014/8/27,¡º,167,47,106,7,59,0.7,101
2014/8/28,«·∂»Œ€»æ,177,77,119,6,53,0.91,94
2014/8/29,¡º,170,73,81,3,35,0.98,104
2014/8/30,÷–∂»Œ€»æ,189,128,147,4,58,1.53,43
2014/8/31,¡º,163,64,49,2,29,0.99,86
2014/9/1,«·∂»Œ€»æ,178,94,83,3,45,1.59,57
2014/9/2,”≈,24,19,14,2,30,0.83,58
2014/9/3,”≈,39,14,34,5,37,0.55,57
2014/9/4,¡º,117,40,86,4,66,0.86,48
2014/9/5,«·∂»Œ€»æ,166,86,137,8,51,1.03,104
2014/9/6,÷–∂»Œ€»æ,190,137,161,11,39,1.38,109
2014/9/7,÷–∂»Œ€»æ,189,150,182,9,43,1.26,92
2014/9/8,”≈,38,13,30,3,24,0.34,74
2014/9/9,¡º,127,35,82,5,48,0.65,84
2014/9/10,¡º,165,63,111,11,56,1.08,92
2014/9/11,«·∂»Œ€»æ,185,82,122,14,63,1.41,58
2014/9/12,¡º,185,72,53,3,50,0.96,42
2014/9/13,¡º,176,67,96,7,49,0.8,69
2014/9/14,¡º,158,41,76,3,47,0.54,35
2014/9/15,”≈,68,17,47,5,36,0.4,38
2014/9/16,¡º,166,38,91,4,66,0.6,19
2014/9/17,¡º,179,50,88,3,61,0.71,26
2014/9/18,¡º,174,62,94,3,58,0.73,59
2014/9/19,«·∂»Œ€»æ,175,76,113,5,61,0.88,53
2014/9/20,÷–∂»Œ€»æ,187,121,126,4,53,1.19,78
2014/9/21,«·∂»Œ€»æ,180,101,120,14,45,1.72,67
2014/9/22,«·∂»Œ€»æ,175,93,107,10,58,1.98,22
2014/9/23,¡º,125,47,22,2,40,1.08,14
2014/9/24,”≈,54,33,40,2,44,0.79,33
2014/9/25,«·∂»Œ€»æ,184,104,127,3,53,1.29,26
2014/9/26,÷–∂»Œ€»æ,181,122,100,8,62,1.58,21
2014/9/27,¡º,44,30,36,2,41,0.58,45
2014/9/28,¡º,139,56,107,8,67,1.23,18
2014/9/29,¡º,162,51,76,3,38,0.88,32
2014/9/30,”≈,76,23,51,7,39,0.62,24
2014/10/1,¡º,166,66,77,4,57,0.97,3
2014/10/2,¡º,108,54,51,4,46,0.95,18
2014/10/3,«·∂»Œ€»æ,175,89,108,4,52,1.59,8
2014/10/4,«·∂»Œ€»æ,168,75,45,2,38,1.13,37
2014/10/5,”≈,18,29,40,2,29,0.7,38
2014/10/6,”≈,13,25,50,2,46,0.46,36
2014/10/7,÷–∂»Œ€»æ,179,139,181,12,86,1.29,46
2014/10/8,—œ÷ÿŒ€»æ,186,258,292,9,102,2.09,30
2014/10/9,—œ÷ÿŒ€»æ,187,331,354,5,92,2.29,34
2014/10/10,—œ÷ÿŒ€»æ,187,300,268,12,84,2.36,48
2014/10/11,÷ÿ∂»Œ€»æ,186,190,126,6,60,1.8,38
2014/10/12,”≈,2,6,8,2,22,0.25,45
2014/10/13,”≈,2,11,26,4,30,0.31,37
2014/10/14,¡º,58,43,90,7,61,0.69,28
2014/10/15,¡º,32,43,99,4,43,0.59,34
2014/10/16,¡º,60,33,93,7,54,0.63,28
2014/10/17,«·∂»Œ€»æ,142,93,176,11,104,1.21,23
2014/10/18,÷–∂»Œ€»æ,170,152,229,17,113,2,46
2014/10/19,—œ÷ÿŒ€»æ,188,238,307,12,118,2.39,31
2014/10/20,—œ÷ÿŒ€»æ,186,203,226,4,75,1.55,20
2014/10/21,¡º,55,33,81,19,56,1.21,18
2014/10/22,¡º,119,71,135,10,75,1.26,4
2014/10/23,÷–∂»Œ€»æ,162,116,175,12,87,1.56,6
2014/10/24,—œ÷ÿŒ€»æ,183,212,260,10,87,2.06,26
2014/10/25,—œ÷ÿŒ€»æ,187,291,327,6,88,2.45,24
2014/10/26,¡º,65,58,61,2,39,0.67,40
2014/10/27,”≈,12,24,58,7,52,0.63,20
2014/10/28,¡º,122,61,109,11,71,1,12
2014/10/29,«·∂»Œ€»æ,163,104,160,12,88,1.29,14
2014/10/30,÷ÿ∂»Œ€»æ,174,155,194,16,99,1.68,9
2014/10/31,÷ÿ∂»Œ€»æ,167,152,180,10,88,2.12,8
2014/11/1,¡º,110,57,85,5,49,1.07,22
2014/11/2,”≈,4,7,25,3,24,0.34,44
2014/11/3,¡º,31,24,55,5,45,0.76,25
2014/11/4,«·∂»Œ€»æ,176,94,135,15,69,1.39,16
2014/11/5,«·∂»Œ€»æ,152,91,112,8,57,1.42,25
2014/11/6,”≈,6,9,22,2,24,0.36,46
2014/11/7,¡º,61,41,67,12,47,1.16,15
2014/11/8,¡º,138,67,85,8,56,1.48,17
2014/11/9,¡º,105,57,77,6,57,1.11,26
2014/11/10,¡º,80,67,87,8,66,1.34,17
2014/11/11,¡º,57,33,66,4,30,0.69,38
2014/11/12,”≈,31,5,41,2,10,0.22,62
2014/11/13,”≈,22,22,45,7,48,0.76,26
2014/11/14,¡º,18,33,60,15,56,1.03,17
2014/11/15,«·∂»Œ€»æ,145,93,137,32,84,2.05,5
2014/11/16,«·∂»Œ€»æ,100,74,108,15,55,1.58,28
2014/11/17,”≈,3,21,40,13,45,0.74,32
2014/11/18,¡º,42,55,93,28,69,1.72,10
2014/11/19,—œ÷ÿŒ€»æ,187,217,284,43,122,3.32,4
2014/11/20,—œ÷ÿŒ€»æ,186,291,360,29,135,3.72,4
2014/11/21,÷ÿ∂»Œ€»æ,152,176,225,20,108,2.69,13
2014/11/22,”≈,10,31,54,14,55,0.82,25
2014/11/23,÷–∂»Œ€»æ,140,117,164,22,91,2.36,3
2014/11/24,«·∂»Œ€»æ,137,75,112,15,72,1.75,13
2014/11/25,÷–∂»Œ€»æ,176,138,180,28,94,2.51,6
2014/11/26,—œ÷ÿŒ€»æ,185,228,283,37,118,3.55,4
2014/11/27,«·∂»Œ€»æ,133,72,108,11,57,1.2,26
2014/11/28,«·∂»Œ€»æ,158,80,149,22,72,1.65,12
2014/11/29,—œ÷ÿŒ€»æ,190,218,299,18,92,3.46,2
2014/11/30,÷ÿ∂»Œ€»æ,184,88,241,9,40,1.33,33
2014/12/1,¡º,40,9,56,6,18,0.46,43
2014/12/2,”≈,1,11,21,9,34,0.65,23
2014/12/3,¡º,47,7,63,5,14,0.3,58
2014/12/4,”≈,32,7,29,6,16,0.33,54
2014/12/5,”≈,26,24,44,16,40,0.76,34
2014/12/6,¡º,86,58,90,33,68,1.77,13
2014/12/7,¡º,58,49,77,27,48,1.46,24
2014/12/8,¡º,57,55,80,29,59,1.29,21
2014/12/9,—œ÷ÿŒ€»æ,184,216,280,64,108,4.8,4
2014/12/10,÷–∂»Œ€»æ,168,127,216,27,61,2.52,32
2014/12/11,”≈,4,19,38,15,31,0.57,41
2014/12/12,”≈,7,11,40,7,21,0.43,41
2014/12/13,¡º,29,38,74,22,46,1.04,25
2014/12/14,«·∂»Œ€»æ,106,79,120,41,75,1.7,17
2014/12/15,«·∂»Œ€»æ,78,63,116,26,44,1.48,37
2014/12/16,”≈,6,6,29,5,13,0.34,49
2014/12/17,¡º,150,66,110,31,62,1.54,17
2014/12/18,÷–∂»Œ€»æ,180,142,193,79,93,3.88,8
2014/12/19,¡º,15,31,54,14,32,0.96,43
2014/12/20,”≈,2,8,17,10,23,0.48,36
2014/12/21,”≈,14,15,36,13,29,0.61,35
2014/12/22,¡º,100,69,114,39,73,2.08,16
2014/12/23,¡º,58,73,110,48,76,2.43,13
2014/12/24,”≈,1,12,30,16,32,0.5,39
2014/12/25,”≈,3,27,43,22,53,1,28
2014/12/26,÷–∂»Œ€»æ,151,117,157,58,92,3.05,5
2014/12/27,÷ÿ∂»Œ€»æ,173,185,230,69,123,4.09,5
2014/12/28,÷–∂»Œ€»æ,129,120,186,50,91,2.77,20
2014/12/29,«·∂»Œ€»æ,99,96,165,41,83,2.76,19
2014/12/30,¡º,8,24,60,21,50,1.03,31
2014/12/31,”≈,58,5,49,6,10,0.28,54
2015/1/1,¡º,84,41,66,23,49,1.09,29
2015/1/2,¡º,172,48,78,30,58,1.28,23
2015/1/3,÷–∂»Œ€»æ,322,148,193,66,100,3.24,8
2015/1/4,÷ÿ∂»Œ€»æ,286,173,224,74,119,3.67,12
2015/1/5,÷–∂»Œ€»æ,216,106,156,57,70,2.89,30
2015/1/6,¡º,90,34,51,22,40,0.8,37
2015/1/7,¡º,215,61,89,38,64,1.77,14
2015/1/8,÷–∂»Œ€»æ,315,124,151,49,91,2.98,7
2015/1/9,¡º,170,73,92,32,61,1.57,28
2015/1/10,÷–∂»Œ€»æ,294,146,174,54,94,2.8,17
2015/1/11,¡º,66,37,55,18,46,0.89,33
2015/1/12,÷–∂»Œ€»æ,313,116,145,42,72,2.18,12
2015/1/13,÷ÿ∂»Œ€»æ,348,155,183,54,91,2.81,7
2015/1/14,—œ÷ÿŒ€»æ,359,213,250,54,100,3.09,4
2015/1/15,—œ÷ÿŒ€»æ,366,328,375,34,111,4.73,5
2015/1/16,«·∂»Œ€»æ,240,111,119,9,41,1.63,42
2015/1/17,¡º,131,59,71,29,57,1.2,25
2015/1/18,«·∂»Œ€»æ,207,68,109,29,51,1.49,35
2015/1/19,¡º,75,42,73,25,58,1.28,27
2015/1/20,«·∂»Œ€»æ,244,84,107,43,74,1.99,11
2015/1/21,”≈,5,19,23,15,32,0.63,43
2015/1/22,«·∂»Œ€»æ,254,97,120,39,79,2,13
2015/1/23,—œ÷ÿŒ€»æ,363,206,232,61,120,3.56,6
2015/1/24,«·∂»Œ€»æ,190,95,145,32,69,2,17
2015/1/25,÷–∂»Œ€»æ,250,134,99,15,60,1.74,11
2015/1/26,«·∂»Œ€»æ,191,102,106,10,42,1.67,30
2015/1/27,”≈,16,16,28,14,29,0.62,40
2015/1/28,¡º,163,36,47,21,49,1.04,24
2015/1/29,¡º,270,62,77,21,41,1.2,33
2015/1/30,”≈,5,11,21,12,25,0.53,48
2015/1/31,”≈,32,29,42,19,42,0.84,32
2015/2/1,«·∂»Œ€»æ,242,76,98,40,67,1.9,13
2015/2/2,÷–∂»Œ€»æ,334,139,155,56,86,2.46,11
2015/2/3,÷–∂»Œ€»æ,268,117,78,28,61,1.91,34
2015/2/4,”≈,16,10,32,9,19,0.38,61
2015/2/5,”≈,29,27,35,16,42,0.71,47
2015/2/6,¡º,164,65,78,29,72,1.78,24
2015/2/7,”≈,9,13,26,10,22,0.43,65
2015/2/8,”≈,35,23,31,16,29,0.58,50
2015/2/9,«·∂»Œ€»æ,334,108,126,47,78,1.9,17
2015/2/10,÷–∂»Œ€»æ,327,122,138,47,93,2.39,24
2015/2/11,¡º,52,41,56,22,43,1.01,52
2015/2/12,”≈,38,31,41,16,43,0.77,53
2015/2/13,÷–∂»Œ€»æ,287,120,131,33,83,2.14,24
2015/2/14,—œ÷ÿŒ€»æ,361,236,238,55,109,3.16,30
2015/2/15,—œ÷ÿŒ€»æ,363,284,307,78,113,4.41,16
2015/2/16,÷–∂»Œ€»æ,301,121,155,30,54,2.27,36
2015/2/17,”≈,19,21,41,9,28,0.53,54
2015/2/18,¡º,98,45,56,18,30,0.74,58
2015/2/19,—œ÷ÿŒ€»æ,354,217,248,54,41,1.49,39
2015/2/20,÷–∂»Œ€»æ,356,138,20,8,40,1.51,23
2015/2/21,—œ÷ÿŒ€»æ,363,152,172,8,31,1.63,31
2015/2/22,÷–∂»Œ€»æ,328,41,276,4,14,0.39,57
2015/2/23,¡º,256,55,113,20,33,0.79,41
2015/2/24,÷–∂»Œ€»æ,356,153,213,33,58,2.12,28
2015/2/25,«·∂»Œ€»æ,285,74,105,9,32,1.04,47
2015/2/26,”≈,27,12,22,6,18,0.39,61
2015/2/27,”≈,98,23,37,13,29,0.67,44
2015/2/28,÷–∂»Œ€»æ,358,123,126,7,40,1.28,21
2015/3/1,¡º,230,44,90,11,39,0.89,45
2015/3/2,¡º,238,53,82,17,44,1.36,43
2015/3/3,”≈,71,7,48,2,10,0.28,70
2015/3/4,”≈,62,24,41,12,30,0.64,49
2015/3/5,«·∂»Œ€»æ,356,110,129,46,59,1.56,34
2015/3/6,÷ÿ∂»Œ€»æ,360,195,217,59,82,2.15,28
2015/3/7,—œ÷ÿŒ€»æ,362,231,245,40,82,2.36,42
2015/3/8,÷–∂»Œ€»æ,347,128,148,21,52,1.43,44
2015/3/9,”≈,31,7,27,2,14,0.31,71
2015/3/10,”≈,85,29,45,12,38,0.75,50
2015/3/11,¡º,107,36,51,13,46,0.95,44
2015/3/12,¡º,198,61,78,20,59,1.17,46
2015/3/13,¡º,214,63,81,20,59,1.3,39
2015/3/14,«·∂»Œ€»æ,277,96,119,39,83,1.87,16
2015/3/15,«·∂»Œ€»æ,307,102,198,26,72,1.71,44
2015/3/16,—œ÷ÿŒ€»æ,355,207,294,32,85,2.02,18
2015/3/17,÷ÿ∂»Œ€»æ,358,182,222,15,57,1.7,52
2015/3/18,¡º,212,46,87,12,49,0.77,51
2015/3/19,«·∂»Œ€»æ,328,80,203,10,69,1.09,39
2015/3/20,«·∂»Œ€»æ,292,43,198,5,45,0.55,56
2015/3/21,¡º,178,18,103,3,27,0.35,66
2015/3/22,¡º,148,19,104,3,20,0.34,70
2015/3/23,¡º,153,34,84,6,43,0.69,46
2015/3/24,«·∂»Œ€»æ,315,76,122,28,67,1.82,45
2015/3/25,÷–∂»Œ€»æ,358,122,158,40,78,1.83,52
2015/3/26,«·∂»Œ€»æ,345,105,153,21,56,1.04,77
2015/3/27,«·∂»Œ€»æ,337,105,146,30,54,1.01,80
2015/3/28,÷–∂»Œ€»æ,352,63,276,8,33,0.53,68
2015/3/29,÷ÿ∂»Œ€»æ,336,74,282,17,66,1.05,51
2015/3/30,÷ÿ∂»Œ€»æ,355,148,337,29,62,1.4,73
2015/3/31,÷–∂»Œ€»æ,348,151,191,21,53,2.33,47
2015/4/1,¡º,267,58,78,4,48,0.72,36
2015/4/2,¡º,147,35,18,3,25,0.7,65
2015/4/3,”≈,88,28,40,3,26,0.57,88
2015/4/4,¡º,263,62,74,4,36,0.64,90
2015/4/5,¡º,269,53,98,2,29,0.46,66
2015/4/6,”≈,71,20,32,2,13,0.29,70
2015/4/7,”≈,106,22,39,3,22,0.35,68
2015/4/8,«·∂»Œ€»æ,344,97,123,12,48,0.85,51
2015/4/9,÷ÿ∂»Œ€»æ,349,161,189,16,58,1.19,57
2015/4/10,÷–∂»Œ€»æ,361,150,185,8,61,1.07,60
2015/4/11,÷–∂»Œ€»æ,359,141,76,16,46,1.75,73
2015/4/12,”≈,15,11,26,2,12,0.26,76
2015/4/13,¡º,63,26,38,2,22,0.37,96
2015/4/14,¡º,175,54,83,5,54,0.71,66
2015/4/15,÷ÿ∂»Œ€»æ,358,108,285,14,70,0.94,54
2015/4/16,«·∂»Œ€»æ,233,25,132,3,13,0.24,86
2015/4/17,«·∂»Œ€»æ,262,67,173,16,54,0.67,54
2015/4/18,÷–∂»Œ€»æ,360,137,272,26,88,1.5,48
2015/4/19,¡º,313,59,132,5,29,0.61,76
2015/4/20,¡º,326,66,112,6,43,0.78,62
2015/4/21,¡º,326,62,129,8,43,0.64,68
2015/4/22,¡º,232,43,100,8,48,0.61,70
2015/4/23,¡º,230,54,107,10,49,0.62,60
2015/4/24,«·∂»Œ€»æ,295,51,155,7,47,0.63,75
2015/4/25,«·∂»Œ€»æ,270,71,158,12,64,0.84,95
2015/4/26,«·∂»Œ€»æ,355,98,181,19,52,0.97,122
2015/4/27,«·∂»Œ€»æ,330,81,133,12,45,0.9,103
2015/4/28,¡º,111,43,68,5,38,0.71,85
2015/4/29,÷–∂»Œ€»æ,347,114,135,10,48,1.32,100
2015/4/30,÷–∂»Œ€»æ,342,114,146,11,43,1.07,123
2015/5/1,÷–∂»Œ€»æ,358,125,140,12,45,1.06,67
2015/5/2,¡º,240,45,68,2,29,0.56,75
2015/5/3,¡º,277,41,95,2,24,0.42,75
2015/5/4,¡º,114,22,64,4,20,0.3,90
2015/5/5,¡º,183,43,93,7,36,0.48,74
2015/5/6,¡º,88,19,70,3,23,0.31,79
2015/5/7,¡º,229,41,128,6,36,0.55,75
2015/5/8,¡º,306,52,115,11,36,1.01,86
2015/5/9,¡º,155,39,51,6,32,1.03,44
2015/5/10,”≈,89,34,34,4,45,1.31,26
2015/5/11,”≈,73,24,19,2,30,0.82,45
2015/5/12,”≈,82,19,44,2,40,0.5,73
2015/5/13,¡º,313,56,133,3,65,0.77,70
2015/5/14,¡º,113,19,61,4,29,0.35,82
2015/5/15,”≈,96,22,47,2,25,0.38,88
2015/5/16,¡º,231,46,95,8,42,0.67,102
2015/5/17,÷–∂»Œ€»æ,358,126,182,15,42,1.15,111
2015/5/18,¡º,286,55,92,3,32,0.55,70
2015/5/19,¡º,116,11,49,2,16,0.27,81
2015/5/20,”≈,86,15,37,2,22,0.31,85
2015/5/21,¡º,236,33,83,5,42,0.51,89
2015/5/22,«·∂»Œ€»æ,332,52,89,11,41,0.76,144
2015/5/23,«·∂»Œ€»æ,352,94,139,15,53,0.99,136
2015/5/24,÷–∂»Œ€»æ,360,114,164,16,56,1.21,134
2015/5/25,÷–∂»Œ€»æ,349,101,165,23,46,1.15,168
2015/5/26,«·∂»Œ€»æ,330,87,148,18,38,0.91,158
2015/5/27,«·∂»Œ€»æ,312,91,141,11,33,0.86,150
2015/5/28,÷–∂»Œ€»æ,346,116,151,23,36,1.16,145
2015/5/29,¡º,311,61,93,5,42,0.8,92
2015/5/30,¡º,324,54,90,6,39,0.75,101
2015/5/31,«·∂»Œ€»æ,294,54,101,14,43,0.88,115
2015/6/1,«·∂»Œ€»æ,323,87,166,14,46,1,138
2015/6/2,¡º,212,29,62,4,25,0.54,77
2015/6/3,¡º,319,32,100,6,35,0.52,85
2015/6/4,¡º,302,50,89,6,54,3.42,49
2015/6/5,¡º,241,48,51,5,45,6.82,41
2015/6/6,¡º,193,25,61,3,31,5.01,89
2015/6/7,”≈,85,13,32,3,29,2.59,53
2015/6/8,”≈,116,18,34,3,35,0.45,61
2015/6/9,¡º,255,48,86,14,49,1.07,98
2015/6/10,¡º,296,72,71,4,33,1.11,75
2015/6/11,”≈,69,20,25,2,21,0.56,65
2015/6/12,”≈,30,7,22,3,21,0.41,70
2015/6/13,”≈,107,11,26,3,18,0.44,88
2015/6/14,¡º,169,19,36,3,28,0.5,95
2015/6/15,«·∂»Œ€»æ,344,84,120,15,39,1.24,144
2015/6/16,÷–∂»Œ€»æ,359,104,143,11,50,1.16,133
2015/6/17,¡º,258,41,65,2,34,0.75,111
2015/6/18,”≈,110,19,32,2,27,0.48,64
2015/6/19,”≈,41,14,33,2,24,0.5,50
2015/6/20,¡º,133,22,39,2,37,0.62,59
2015/6/21,¡º,319,41,73,4,39,0.62,127
2015/6/22,«·∂»Œ€»æ,355,89,117,16,38,1.09,144
2015/6/23,÷ÿ∂»Œ€»æ,366,181,178,15,39,1.66,151
2015/6/24,÷–∂»Œ€»æ,364,121,123,9,43,1.12,75
2015/6/25,÷–∂»Œ€»æ,365,124,111,6,50,1.05,70
2015/6/26,«·∂»Œ€»æ,364,105,22,2,23,0.89,133
2015/6/27,«·∂»Œ€»æ,348,88,51,4,32,0.83,101
2015/6/28,÷–∂»Œ€»æ,365,147,57,7,34,1.22,123
2015/6/29,÷–∂»Œ€»æ,365,118,39,5,41,1.09,52
2015/6/30,”≈,43,14,20,2,26,0.38,58
2015/7/1,”≈,99,18,39,2,34,0.43,46
2015/7/2,”≈,15,8,20,4,29,0.33,47
2015/7/3,¡º,265,23,59,9,33,0.89,96
2015/7/4,¡º,211,32,59,5,44,0.72,58
2015/7/5,«·∂»Œ€»æ,352,62,71,9,36,0.99,115
2015/7/6,«·∂»Œ€»æ,355,68,75,10,33,1.1,130
2015/7/7,«·∂»Œ€»æ,339,67,85,7,32,0.88,131
2015/7/8,÷–∂»Œ€»æ,360,126,132,7,34,1.15,129
2015/7/9,«·∂»Œ€»æ,343,72,92,10,36,0.83,128
2015/7/10,¡º,323,49,82,8,32,0.68,120
2015/7/11,«·∂»Œ€»æ,366,102,125,9,34,1.05,140
2015/7/12,÷–∂»Œ€»æ,363,107,158,5,46,0.92,146
2015/7/13,«·∂»Œ€»æ,326,49,83,2,43,0.62,150
2015/7/14,«·∂»Œ€»æ,301,35,65,4,30,0.6,149
2015/7/15,¡º,183,34,61,3,46,0.62,87
2015/7/16,¡º,141,36,47,2,29,0.67,80
2015/7/17,”≈,116,33,41,2,30,0.74,58
2015/7/18,¡º,269,48,31,2,25,0.78,94
2015/7/19,¡º,328,64,33,2,31,0.87,71
2015/7/20,«·∂»Œ€»æ,354,83,48,2,31,0.88,66
2015/7/21,÷–∂»Œ€»æ,363,140,75,2,26,0.99,119
2015/7/22,¡º,328,60,40,2,31,0.68,94
2015/7/23,¡º,249,38,40,2,43,0.77,58
2015/7/24,¡º,311,46,72,2,43,0.84,71
2015/7/25,«·∂»Œ€»æ,355,84,99,2,37,0.98,117
2015/7/26,«·∂»Œ€»æ,360,101,119,3,30,0.97,127
2015/7/27,«·∂»Œ€»æ,344,77,99,2,32,0.91,118
2015/7/28,¡º,300,47,39,2,26,0.75,102
2015/7/29,«·∂»Œ€»æ,350,80,86,2,33,0.89,115
2015/7/30,¡º,298,42,48,2,26,0.89,83
2015/7/31,”≈,192,24,31,2,24,0.64,93
2015/8/1,¡º,337,65,77,2,44,1.22,53
2015/8/2,¡º,343,69,57,2,26,1.14,82
2015/8/3,¡º,346,64,44,3,30,1.09,46
2015/8/4,¡º,252,17,45,3,30,0.51,96
2015/8/5,¡º,344,62,95,3,39,0.96,84
2015/8/6,¡º,346,53,77,2,28,0.76,106
2015/8/7,«·∂»Œ€»æ,365,92,107,3,32,1.07,98
2015/8/8,¡º,270,36,51,2,31,0.68,93
2015/8/9,¡º,345,52,78,2,34,0.78,117
2015/8/10,¡º,330,40,67,2,37,0.7,100
2015/8/11,«·∂»Œ€»æ,358,91,121,5,35,1.42,122
2015/8/12,«·∂»Œ€»æ,346,76,120,4,32,1.03,148
2015/8/13,÷–∂»Œ€»æ,364,119,160,6,38,1.24,158
2015/8/14,¡º,285,58,88,3,31,0.8,92
2015/8/15,¡º,198,22,48,3,33,0.56,84
2015/8/16,«·∂»Œ€»æ,323,33,83,5,38,0.7,147
2015/8/17,«·∂»Œ€»æ,339,78,176,7,38,1,127
2015/8/18,¡º,264,50,87,2,32,0.77,106
2015/8/19,¡º,308,49,63,2,35,0.75,89
2015/8/20,¡º,296,33,51,2,24,0.61,100
2015/8/21,¡º,165,12,31,2,22,0.43,99
2015/8/22,”≈,49,14,31,3,20,0.58,71
2015/8/23,”≈,82,23,35,3,21,0.82,67
2015/8/24,”≈,33,12,24,2,19,0.46,62
2015/8/25,”≈,32,13,23,2,21,0.46,58
2015/8/26,”≈,35,10,21,2,21,0.44,64
2015/8/27,”≈,30,9,22,2,22,0.44,61
2015/8/28,”≈,79,15,31,2,23,0.47,72
2015/8/29,¡º,241,26,47,2,20,0.6,117
2015/8/30,”≈,101,26,35,2,23,0.94,68
2015/8/31,”≈,70,25,26,2,23,0.7,55
2015/9/1,”≈,30,9,13,2,17,0.5,45
2015/9/2,”≈,34,8,14,2,17,0.43,52
2015/9/3,”≈,99,13,25,2,18,0.48,70
2015/9/4,¡º,324,44,78,2,24,1.48,62
2015/9/5,”≈,104,16,11,2,20,0.66,74
2015/9/6,”≈,65,16,27,2,26,0.51,66
2015/9/7,¡º,154,23,41,2,35,0.65,68
2015/9/8,¡º,299,49,78,5,49,0.87,82
2015/9/9,¡º,187,35,52,2,40,0.73,51
2015/9/10,”≈,1,7,13,2,26,0.41,27
2015/9/11,”≈,10,7,11,2,23,0.38,42
2015/9/12,”≈,24,7,18,2,25,0.35,47
2015/9/13,”≈,98,17,47,2,41,0.54,54
2015/9/14,¡º,344,62,101,9,54,0.85,71
2015/9/15,«·∂»Œ€»æ,363,102,126,13,56,1.14,97
2015/9/16,÷–∂»Œ€»æ,361,124,136,7,58,1.21,89
2015/9/17,÷–∂»Œ€»æ,363,146,163,8,61,1.27,91
2015/9/18,«·∂»Œ€»æ,331,76,56,2,45,0.87,66
2015/9/19,”≈,48,15,32,2,47,0.48,22
2015/9/20,«·∂»Œ€»æ,352,84,103,10,42,0.97,118
2015/9/21,«·∂»Œ€»æ,348,98,130,15,63,1.2,81
2015/9/22,÷–∂»Œ€»æ,366,137,130,10,59,1.46,52
2015/9/23,”≈,109,29,37,2,41,0.69,51
2015/9/24,«·∂»Œ€»æ,341,97,106,4,51,1.15,55
2015/9/25,”≈,101,19,25,2,35,0.54,41
2015/9/26,¡º,179,30,65,5,44,0.64,59
2015/9/27,¡º,254,46,79,3,54,0.75,58
2015/9/28,¡º,246,44,49,3,42,1.13,39
2015/9/29,¡º,232,43,31,2,42,1.11,11
2015/9/30,”≈,103,28,16,2,36,0.68,24
2015/10/1,”≈,27,13,22,2,23,0.34,43
2015/10/2,¡º,139,27,66,3,44,0.6,37
2015/10/3,¡º,128,25,65,3,45,0.64,44
2015/10/4,«·∂»Œ€»æ,336,103,145,8,72,1.26,47
2015/10/5,—œ÷ÿŒ€»æ,361,212,217,8,75,1.69,83
2015/10/6,—œ÷ÿŒ€»æ,364,281,189,7,77,1.93,94
2015/10/7,—œ÷ÿŒ€»æ,364,265,96,7,74,1.81,64
2015/10/8,”≈,31,9,25,2,20,0.3,41
2015/10/9,”≈,77,14,38,2,27,0.35,37
2015/10/10,”≈,8,7,18,2,13,0.27,43
2015/10/11,”≈,29,9,23,2,18,0.31,58
2015/10/12,”≈,35,14,35,3,40,0.45,38
2015/10/13,¡º,84,30,65,5,61,0.71,37
2015/10/14,«·∂»Œ€»æ,280,93,131,14,88,1.83,29
2015/10/15,«·∂»Œ€»æ,291,103,128,8,85,1.43,56
2015/10/16,÷ÿ∂»Œ€»æ,353,191,211,12,103,1.96,71
2015/10/17,—œ÷ÿŒ€»æ,366,291,179,13,114,2.46,49
2015/10/18,¡º,201,53,44,6,43,0.84,33
2015/10/19,¡º,171,51,96,6,56,0.81,23
2015/10/20,«·∂»Œ€»æ,254,75,112,8,64,1.4,6
2015/10/21,¡º,132,49,36,2,39,0.95,13
2015/10/22,”≈,38,29,33,2,40,0.71,13
2015/10/23,¡º,131,51,64,2,51,0.86,14
2015/10/24,¡º,176,55,73,5,50,1.06,22
2015/10/25,¡º,141,35,66,7,59,0.92,9
2015/10/26,¡º,148,30,47,2,28,0.51,34
2015/10/27,”≈,61,13,41,2,32,0.44,32
2015/10/28,”≈,3,6,16,2,18,0.3,41
2015/10/29,”≈,4,6,21,2,16,0.3,48
2015/10/30,”≈,80,20,44,3,41,0.61,22
2015/10/31,¡º,221,38,64,4,54,0.81,20
2015/11/1,¡º,300,68,99,6,79,0.96,28
2015/11/2,«·∂»Œ€»æ,257,75,115,7,79,1.42,18
2015/11/3,÷–∂»Œ€»æ,344,141,168,15,83,1.82,29
2015/11/4,÷ÿ∂»Œ€»æ,366,199,221,14,101,1.95,13
2015/11/5,÷–∂»Œ€»æ,330,121,78,7,55,1.13,14
2015/11/6,”≈,32,20,1,2,27,0.57,29
2015/11/7,”≈,20,19,10,2,28,0.61,33
2015/11/8,¡º,236,56,47,3,43,0.92,21
2015/11/9,÷–∂»Œ€»æ,334,121,118,3,56,1.61,3
2015/11/10,÷–∂»Œ€»æ,340,125,79,3,54,1.56,3
2015/11/11,«·∂»Œ€»æ,297,99,31,4,52,1.79,6
2015/11/12,÷–∂»Œ€»æ,336,147,97,5,58,2.43,2
2015/11/13,—œ÷ÿŒ€»æ,364,205,142,14,68,3.06,2
2015/11/14,—œ÷ÿŒ€»æ,364,258,172,16,79,3.56,5
2015/11/15,÷ÿ∂»Œ€»æ,362,192,122,12,68,3.19,14
2015/11/16,¡º,250,57,43,8,50,1.46,8
2015/11/17,¡º,315,64,84,6,43,1.67,7
2015/11/18,¡º,327,64,83,8,47,1.2,3
2015/11/19,¡º,328,74,0,2,43,1.44,2
2015/11/20,¡º,307,72,0,9,44,2.49,2
2015/11/21,¡º,170,41,4,7,40,2.17,2
2015/11/22,¡º,298,49,2,6,37,1.02,19
2015/11/23,”≈,155,29,13,10,26,0.74,37
2015/11/24,¡º,270,41,30,8,45,0.99,23
2015/11/25,¡º,286,50,34,9,37,1.13,26
2015/11/26,¡º,163,33,43,10,34,0.8,38
2015/11/27,÷ÿ∂»Œ€»æ,361,183,161,34,84,2.6,7
2015/11/28,—œ÷ÿŒ€»æ,361,252,237,41,99,3.76,7
2015/11/29,—œ÷ÿŒ€»æ,354,240,272,38,102,4.73,10
2015/11/30,—œ÷ÿŒ€»æ,358,339,337,23,121,5.71,7
2015/12/1,—œ÷ÿŒ€»æ,366,476,461,35,136,8.11,5
2015/12/2,”≈,24,18,16,3,17,0.5,43
2015/12/3,”≈,15,9,22,4,13,0.37,41
2015/12/4,”≈,59,21,34,9,33,0.72,31
2015/12/5,¡º,216,52,72,18,62,1.51,15
2015/12/6,÷–∂»Œ€»æ,340,135,159,30,90,2.74,6
2015/12/7,÷ÿ∂»Œ€»æ,336,182,201,28,90,3.5,5
2015/12/8,—œ÷ÿŒ€»æ,350,244,240,20,92,4.28,4
2015/12/9,—œ÷ÿŒ€»æ,350,246,17,32,93,3.6,5
2015/12/10,«·∂»Œ€»æ,278,109,1,15,51,1.95,27
2015/12/11,¡º,138,39,45,12,56,1.22,18
2015/12/12,«·∂»Œ€»æ,299,113,142,21,81,2.47,7
2015/12/13,÷ÿ∂»Œ€»æ,332,160,187,35,94,3.67,5
2015/12/14,«·∂»Œ€»æ,260,109,36,11,58,2.04,32
2015/12/15,”≈,5,6,9,3,13,0.39,51
2015/12/16,”≈,3,6,11,3,15,0.42,37
2015/12/17,¡º,241,47,62,15,53,1.36,13
2015/12/18,¡º,183,48,72,15,54,1.42,22
2015/12/19,÷–∂»Œ€»æ,316,122,152,28,83,3.04,8
2015/12/20,—œ÷ÿŒ€»æ,338,208,220,24,102,3.61,7
2015/12/21,—œ÷ÿŒ€»æ,325,229,234,23,104,3.98,8
2015/12/22,—œ÷ÿŒ€»æ,347,308,304,29,104,5.41,7
2015/12/23,—œ÷ÿŒ€»æ,326,254,291,20,99,4.69,17
2015/12/24,÷–∂»Œ€»æ,274,117,138,17,71,2.24,22
2015/12/25,—œ÷ÿŒ€»æ,366,463,464,12,135,6.97,7
2015/12/26,—œ÷ÿŒ€»æ,365,290,389,8,105,5.28,6
2015/12/27,¡º,146,47,31,11,51,1.11,14
2015/12/28,«·∂»Œ€»æ,293,107,119,21,75,2.27,7
2015/12/29,—œ÷ÿŒ€»æ,362,263,303,32,114,4.16,6
2015/12/30,«·∂»Œ€»æ,174,88,87,11,54,1.64,32
2015/12/31,¡º,127,58,83,15,67,1.67,14
2016/1/1,÷ÿ∂»Œ€»æ,337,167,185,32,102,3.37,7
2016/1/2,—œ÷ÿŒ€»æ,351,253,272,34,120,4.54,9
2016/1/3,—œ÷ÿŒ€»æ,326,256,299,19,86,3.78,11
2016/1/4,¡º,86,42,24,5,32,1.03,45
2016/1/5,”≈,67,29,40,9,33,0.8,33
2016/1/6,”≈,70,25,47,10,34,0.93,32
2016/1/7,”≈,2,11,20,6,25,0.52,42
2016/1/8,”≈,62,29,43,11,37,0.92,34
2016/1/9,¡º,183,69,91,21,69,1.77,12
2016/1/10,¡º,155,49,78,20,55,1.52,22
2016/1/11,”≈,20,10,22,5,22,0.54,50
2016/1/12,”≈,19,12,27,7,27,0.63,44
2016/1/13,”≈,46,23,43,12,44,0.9,33
2016/1/14,¡º,197,65,89,24,66,1.81,21
2016/1/15,«·∂»Œ€»æ,248,93,119,32,80,2.48,12
2016/1/16,÷–∂»Œ€»æ,299,126,145,44,71,2.56,8
2016/1/17,¡º,136,41,42,9,29,0.89,47
2016/1/18,”≈,61,9,42,3,15,0.51,54
2016/1/19,¡º,168,56,82,20,58,1.55,18
2016/1/20,«·∂»Œ€»æ,339,112,136,52,76,3.33,6
2016/1/21,÷–∂»Œ€»æ,347,132,148,28,68,2.78,6
2016/1/22,”≈,119,17,35,4,16,0.64,55
2016/1/23,”≈,85,8,41,3,11,0.57,56
2016/1/24,¡º,144,11,54,5,20,0.58,49
2016/1/25,”≈,50,26,46,15,39,0.79,36
2016/1/26,¡º,85,30,55,16,33,0.74,41
2016/1/27,«·∂»Œ€»æ,295,91,100,35,73,2.03,13
2016/1/28,÷–∂»Œ€»æ,315,119,128,43,77,2.32,17
2016/1/29,¡º,229,65,84,35,55,1.83,16
2016/1/30,¡º,171,48,58,20,46,1.26,25
2016/1/31,”≈,29,16,27,8,26,0.58,50
2016/2/1,”≈,41,12,22,8,28,0.56,48
2016/2/2,”≈,40,26,31,14,43,0.85,39
2016/2/3,”≈,39,34,44,18,52,1.16,29
2016/2/4,”≈,3,12,23,7,21,0.47,61
2016/2/5,”≈,35,9,30,5,14,0.36,67
2016/2/6,”≈,44,27,38,11,30,0.71,51
2016/2/7,¡º,93,40,68,18,34,0.9,45
2016/2/8,÷–∂»Œ€»æ,277,190,250,53,35,1.01,44
2016/2/9,¡º,53,40,48,18,37,1.05,46
2016/2/10,«·∂»Œ€»æ,291,92,94,45,61,2.4,26
2016/2/11,÷ÿ∂»Œ€»æ,345,156,166,43,68,3.14,11
2016/2/12,÷–∂»Œ€»æ,330,147,99,18,54,2.2,24
2016/2/13,”≈,22,9,8,4,12,0.34,60
2016/2/14,”≈,77,6,14,3,10,0.35,66
2016/2/15,”≈,170,6,45,3,12,0.32,64
2016/2/16,”≈,59,7,37,4,15,0.31,63
2016/2/17,¡º,165,41,46,14,43,1,39
2016/2/18,”≈,16,14,31,5,21,0.42,66
2016/2/19,”≈,14,14,31,5,24,0.5,55
2016/2/20,”≈,14,14,21,5,18,0.42,61
2016/2/21,«·∂»Œ€»æ,244,75,95,23,52,1.39,28
2016/2/22,«·∂»Œ€»æ,265,71,90,16,41,1.15,43
2016/2/23,”≈,42,10,19,4,14,0.35,68
2016/2/24,”≈,95,25,44,8,32,0.74,44
2016/2/25,”≈,45,24,43,9,33,0.72,44
2016/2/26,¡º,107,34,55,12,36,0.74,49
2016/2/27,”≈,16,20,30,8,33,0.58,51
2016/2/28,¡º,90,29,48,7,31,0.74,49
2016/2/29,”≈,81,32,42,10,38,0.68,47
2016/3/1,«·∂»Œ€»æ,357,114,126,28,79,1.87,23
2016/3/2,÷ÿ∂»Œ€»æ,353,159,175,30,103,2.46,27
2016/3/3,—œ÷ÿŒ€»æ,366,271,281,44,114,3.38,23
2016/3/4,—œ÷ÿŒ€»æ,364,326,277,46,113,4.38,11
2016/3/5,÷ÿ∂»Œ€»æ,314,59,306,2,19,0.38,66
2016/3/6,«·∂»Œ€»æ,187,69,177,24,64,1.45,19
2016/3/7,¡º,112,32,84,9,28,0.82,55
2016/3/8,”≈,13,9,25,2,13,0.35,67
2016/3/9,”≈,55,9,22,3,14,0.35,62
2016/3/10,”≈,156,10,47,3,15,0.35,64
2016/3/11,”≈,81,21,49,6,31,0.56,52
2016/3/12,«·∂»Œ€»æ,346,106,134,37,78,1.74,20
2016/3/13,¡º,102,29,46,8,31,0.64,64
2016/3/14,¡º,255,73,111,19,61,1.23,36
2016/3/15,÷–∂»Œ€»æ,354,135,189,44,76,1.54,25
2016/3/16,—œ÷ÿŒ€»æ,361,244,274,37,88,2.19,51
2016/3/17,—œ÷ÿŒ€»æ,362,287,291,30,99,2.25,49
2016/3/18,÷ÿ∂»Œ€»æ,342,181,132,12,64,1.51,60
2016/3/19,¡º,181,61,111,15,41,1.01,55
2016/3/20,¡º,188,62,103,9,58,0.98,42
2016/3/21,÷–∂»Œ€»æ,351,119,174,18,76,1.22,56
2016/3/22,÷–∂»Œ€»æ,353,107,202,24,73,1.39,34
2016/3/23,”≈,95,16,39,3,24,0.49,64
2016/3/24,”≈,35,11,23,2,27,0.41,60
2016/3/25,”≈,19,15,31,3,32,0.44,59
2016/3/26,”≈,8,11,29,3,25,0.39,64
2016/3/27,”≈,15,14,40,4,32,0.38,57
2016/3/28,«·∂»Œ€»æ,356,69,188,15,65,0.8,38
2016/3/29,¡º,63,17,69,4,28,0.39,68
2016/3/30,¡º,50,26,68,7,37,0.54,61
2016/3/31,÷–∂»Œ€»æ,358,150,240,33,72,1.45,62
2016/4/1,«·∂»Œ€»æ,265,39,142,5,25,0.46,65
2016/4/2,”≈,23,7,27,2,15,0.27,72
2016/4/3,”≈,78,17,50,2,23,0.31,69
2016/4/4,¡º,340,70,109,10,46,0.58,68
2016/4/5,«·∂»Œ€»æ,359,112,152,17,49,0.97,80
2016/4/6,÷–∂»Œ€»æ,355,136,171,30,67,1.97,53
2016/4/7,«·∂»Œ€»æ,339,86,139,4,43,1.07,55
2016/4/8,¡º,202,21,83,4,28,0.34,72
2016/4/9,÷–∂»Œ€»æ,335,72,244,10,53,0.7,48
2016/4/10,«·∂»Œ€»æ,327,52,193,12,40,0.78,58
2016/4/11,¡º,221,39,100,8,39,0.58,60
2016/4/12,«·∂»Œ€»æ,302,76,76,5,56,0.76,36
2016/4/13,÷–∂»Œ€»æ,344,118,148,6,62,0.94,51
2016/4/14,¡º,168,30,96,2,24,0.33,81
2016/4/15,¡º,233,55,97,15,57,1,47
2016/4/16,¡º,239,32,78,2,19,0.34,60
2016/4/17,”≈,63,14,33,2,14,0.28,81
2016/4/18,”≈,63,17,32,2,20,0.3,76
2016/4/19,¡º,343,70,99,18,63,1.29,30
2016/4/20,¡º,309,66,85,7,40,0.85,73
2016/4/21,«·∂»Œ€»æ,333,96,159,6,57,0.93,67
2016/4/22,¡º,225,33,108,2,19,0.24,87
2016/4/23,”≈,121,21,54,2,27,0.31,68
2016/4/24,«·∂»Œ€»æ,322,84,146,20,52,0.88,70
2016/4/25,«·∂»Œ€»æ,348,90,143,13,33,0.73,107
2016/4/26,«·∂»Œ€»æ,338,76,127,24,42,1.36,96
2016/4/27,«·∂»Œ€»æ,350,88,107,9,59,1.07,63
2016/4/28,«·∂»Œ€»æ,351,83,89,6,48,0.97,92
2016/4/29,÷–∂»Œ€»æ,357,119,149,15,59,1.29,94
2016/4/30,÷ÿ∂»Œ€»æ,365,159,181,9,60,1.42,129
2016/5/1,÷ÿ∂»Œ€»æ,363,192,179,23,42,2.25,147
2016/5/2,¡º,271,50,99,2,18,0.49,69
2016/5/3,¡º,129,24,64,2,25,0.41,60
2016/5/4,¡º,73,28,57,3,46,0.52,61
2016/5/5,¡º,295,54,117,13,44,0.94,79
2016/5/6,«·∂»Œ€»æ,299,64,197,2,11,0.22,83
2016/5/7,”≈,113,20,43,2,24,0.27,83
2016/5/8,¡º,341,59,107,14,44,0.73,82
2016/5/9,¡º,169,34,62,4,35,0.51,55
2016/5/10,¡º,183,39,64,3,34,0.53,88
2016/5/11,÷–∂»Œ€»æ,357,145,171,11,34,1.08,124
2016/5/12,¡º,115,37,37,3,25,0.5,66
2016/5/13,¡º,126,31,59,5,40,0.58,63
2016/5/14,¡º,165,37,32,2,34,0.53,62
2016/5/15,¡º,227,33,22,2,33,0.5,41
2016/5/16,¡º,106,22,53,2,41,0.47,60
2016/5/17,«·∂»Œ€»æ,356,54,101,9,48,0.59,117
2016/5/18,«·∂»Œ€»æ,318,58,98,7,33,0.52,131
2016/5/19,«·∂»Œ€»æ,354,83,109,13,36,0.74,164
2016/5/20,«·∂»Œ€»æ,349,87,111,18,45,1.05,149
2016/5/21,«·∂»Œ€»æ,347,67,86,16,42,0.83,130
2016/5/22,¡º,341,45,82,6,40,0.62,139
2016/5/23,«·∂»Œ€»æ,351,78,116,18,51,1.09,107
2016/5/24,¡º,114,19,41,2,21,0.34,99
2016/5/25,¡º,159,13,35,4,24,0.32,96
2016/5/26,¡º,182,21,57,2,28,0.32,82
2016/5/27,¡º,306,46,104,11,47,0.62,99
2016/5/28,¡º,337,47,86,9,36,0.66,121
2016/5/29,¡º,227,31,66,4,27,0.44,103
2016/5/30,«·∂»Œ€»æ,357,79,145,14,48,1.06,148
2016/5/31,¡º,301,49,115,10,34,0.87,83
2016/6/1,¡º,283,34,70,4,38,0.64,92
2016/6/2,«·∂»Œ€»æ,354,51,85,7,48,0.73,124
2016/6/3,«·∂»Œ€»æ,355,79,121,19,59,1.17,128
2016/6/4,«·∂»Œ€»æ,363,87,122,15,36,0.87,155
2016/6/5,«·∂»Œ€»æ,361,73,105,12,37,0.85,134
2016/6/6,«·∂»Œ€»æ,361,84,104,6,32,0.87,140
2016/6/7,¡º,302,57,69,2,25,0.82,106
2016/6/8,÷–∂»Œ€»æ,364,122,97,2,34,1.18,125
2016/6/9,÷–∂»Œ€»æ,366,100,84,5,31,0.99,143
2016/6/10,¡º,337,51,39,2,18,0.65,120
2016/6/11,”≈,114,9,22,2,19,0.34,78
2016/6/12,«·∂»Œ€»æ,362,67,75,6,33,0.99,120
2016/6/13,¡º,238,44,32,2,27,0.6,86
2016/6/14,¡º,158,34,17,2,23,0.59,73
2016/6/15,”≈,146,17,31,2,27,0.49,92
2016/6/16,¡º,187,24,51,2,43,0.53,73
2016/6/17,¡º,118,22,54,2,41,0.51,56
2016/6/18,¡º,292,38,69,3,43,0.66,104
2016/6/19,«·∂»Œ€»æ,347,57,86,3,37,0.72,134
2016/6/20,«·∂»Œ€»æ,365,88,107,4,27,0.99,157
2016/6/21,«·∂»Œ€»æ,363,84,96,2,29,0.86,139
2016/6/22,¡º,338,54,72,2,30,0.71,133
2016/6/23,«·∂»Œ€»æ,364,76,103,5,34,1.05,106
2016/6/24,”≈,118,13,29,2,28,0.58,61
2016/6/25,”≈,132,16,32,2,26,0.35,78
2016/6/26,¡º,307,39,74,4,39,0.5,113
2016/6/27,¡º,299,58,88,6,38,0.68,111
2016/6/28,¡º,334,69,30,2,31,0.68,68
2016/6/29,«·∂»Œ€»æ,362,110,24,2,32,0.87,87
2016/6/30,¡º,340,60,40,2,31,0.7,104
2016/7/1,”≈,218,12,26,2,21,0.38,87
2016/7/2,¡º,341,43,59,2,35,0.64,102
2016/7/3,«·∂»Œ€»æ,353,77,103,7,42,0.93,114
2016/7/4,÷–∂»Œ€»æ,363,130,123,4,31,1.23,124
2016/7/5,«·∂»Œ€»æ,359,92,90,4,27,0.98,132
2016/7/6,«·∂»Œ€»æ,357,74,96,4,33,0.91,142
2016/7/7,÷–∂»Œ€»æ,364,109,124,7,31,1.23,152
2016/7/8,«·∂»Œ€»æ,359,91,105,5,32,1.19,111
2016/7/9,«·∂»Œ€»æ,356,80,85,3,31,0.79,112
2016/7/10,«·∂»Œ€»æ,363,92,95,3,27,0.81,121
2016/7/11,«·∂»Œ€»æ,356,87,100,6,27,0.71,118
2016/7/12,¡º,229,31,43,3,27,0.58,67
2016/7/13,¡º,240,18,35,2,29,0.51,92
2016/7/14,¡º,269,34,61,3,40,0.81,89
2016/7/15,”≈,228,34,28,2,27,0.68,66
2016/7/16,¡º,189,35,41,2,35,0.73,52
2016/7/17,«·∂»Œ€»æ,342,75,85,2,40,1.1,111
2016/7/18,«·∂»Œ€»æ,358,106,120,3,49,1.25,85
2016/7/19,«·∂»Œ€»æ,361,93,58,2,43,1.22,41
2016/7/20,¡º,267,35,3,2,17,0.73,49
2016/7/21,”≈,102,23,28,2,24,0.81,38
2016/7/22,«·∂»Œ€»æ,354,75,47,2,28,1.05,86
2016/7/23,÷–∂»Œ€»æ,364,120,108,2,33,1.18,95
2016/7/24,¡º,337,63,67,2,29,0.88,92
2016/7/25,¡º,248,42,49,2,28,0.8,62
2016/7/26,”≈,106,17,33,2,20,0.57,89
2016/7/27,¡º,356,46,69,2,32,0.74,119
2016/7/28,¡º,275,47,59,2,27,0.67,112
2016/7/29,÷–∂»Œ€»æ,364,123,135,2,27,1.36,145
2016/7/30,÷–∂»Œ€»æ,365,132,209,2,29,1.6,71
2016/7/31,¡º,297,53,42,2,28,1.01,71
2016/8/1,¡º,354,66,68,2,27,1.18,94
2016/8/2,¡º,352,49,43,2,28,1,91
2016/8/3,«·∂»Œ€»æ,355,53,67,2,30,0.89,120
2016/8/4,«·∂»Œ€»æ,362,99,104,2,31,1.4,131
2016/8/5,¡º,352,64,74,2,26,0.84,92
2016/8/6,«·∂»Œ€»æ,365,99,116,2,31,0.96,95
2016/8/7,”≈,146,18,20,2,16,0.62,83
2016/8/8,¡º,302,30,42,2,23,0.77,88
2016/8/9,¡º,348,44,64,5,35,1.14,107
2016/8/10,«·∂»Œ€»æ,357,82,93,2,25,0.94,98
2016/8/11,«·∂»Œ€»æ,365,85,101,2,25,0.95,90
2016/8/12,¡º,349,59,72,2,34,0.85,44
2016/8/13,”≈,81,21,34,2,37,0.67,22
2016/8/14,”≈,200,18,42,2,34,0.6,79
2016/8/15,”≈,130,20,35,2,27,0.6,63
2016/8/16,¡º,194,22,37,2,29,0.58,77
2016/8/17,¡º,324,59,74,2,53,0.95,30
2016/8/18,¡º,353,74,3,2,38,1.6,29
2016/8/19,”≈,99,17,23,2,22,0.9,71
2016/8/20,¡º,359,52,64,2,34,1.03,99
2016/8/21,«·∂»Œ€»æ,361,51,71,2,37,0.92,126
2016/8/22,¡º,343,51,70,3,30,0.93,108
2016/8/23,¡º,343,69,89,5,38,0.9,81
2016/8/24,«·∂»Œ€»æ,351,79,96,3,45,1.03,83
2016/8/25,”≈,101,19,27,2,23,0.42,56
2016/8/26,”≈,23,9,23,2,28,0.37,52
2016/8/27,”≈,65,14,36,2,36,0.44,40
2016/8/28,”≈,18,10,28,2,31,0.31,53
2016/8/29,”≈,80,17,43,2,40,0.46,61
2016/8/30,¡º,238,28,62,2,44,0.59,92
2016/8/31,”≈,79,16,37,2,37,0.43,54
2016/9/1,”≈,71,7,30,2,28,0.33,45
2016/9/2,”≈,39,11,32,2,30,0.39,25
2016/9/3,”≈,54,18,39,2,31,0.43,64
2016/9/4,«·∂»Œ€»æ,337,80,102,4,43,1.04,91
2016/9/5,”≈,101,27,38,2,29,0.51,72
2016/9/6,”≈,55,17,36,3,37,0.5,37
2016/9/7,¡º,299,41,63,5,37,0.68,87
2016/9/8,”≈,75,20,40,2,41,0.57,48
2016/9/9,”≈,79,17,38,2,39,0.5,37
2016/9/10,”≈,90,15,39,2,39,0.46,46
2016/9/11,¡º,179,32,44,2,28,0.77,77
2016/9/12,”≈,111,31,43,2,32,0.74,64
2016/9/13,«·∂»Œ€»æ,355,86,93,2,49,1.01,64
2016/9/14,«·∂»Œ€»æ,359,101,112,3,46,1.04,76
2016/9/15,¡º,328,69,82,3,40,0.83,88
2016/9/16,÷–∂»Œ€»æ,365,133,144,3,36,1.15,99
2016/9/17,¡º,240,41,43,2,34,0.77,37
2016/9/18,”≈,52,22,14,2,27,0.57,16
2016/9/19,”≈,9,10,20,2,31,0.41,33
2016/9/20,”≈,32,18,36,2,40,0.51,45
2016/9/21,¡º,312,63,95,4,73,0.95,21
2016/9/22,«·∂»Œ€»æ,359,99,122,6,53,1.04,53
2016/9/23,÷–∂»Œ€»æ,364,121,63,2,42,1.11,97
2016/9/24,«·∂»Œ€»æ,358,111,129,3,49,1.06,90
2016/9/25,÷ÿ∂»Œ€»æ,363,162,153,3,48,1.5,68
2016/9/26,¡º,255,58,57,2,41,1.15,46
2016/9/27,”≈,95,24,32,2,23,0.61,41
2016/9/28,”≈,54,13,29,2,32,0.38,33
2016/9/29,¡º,324,51,80,4,55,0.63,44
2016/9/30,«·∂»Œ€»æ,354,97,130,6,70,0.9,67
2016/10/1,÷ÿ∂»Œ€»æ,362,165,195,9,81,1.33,57
2016/10/2,÷ÿ∂»Œ€»æ,360,183,191,5,69,1.37,66
2016/10/3,÷–∂»Œ€»æ,352,120,145,2,56,1.12,57
2016/10/4,¡º,175,33,53,3,33,1.05,21
2016/10/5,¡º,286,55,63,2,38,1.18,23
2016/10/6,¡º,343,72,86,3,46,1.62,5
2016/10/7,¡º,206,39,12,2,41,1.61,9
2016/10/8,”≈,35,11,22,2,22,0.41,41
2016/10/9,¡º,215,31,59,3,49,0.68,14
2016/10/10,«·∂»Œ€»æ,359,87,116,8,73,1.12,13
2016/10/11,÷–∂»Œ€»æ,361,116,129,6,63,1.4,26
2016/10/12,«·∂»Œ€»æ,320,77,98,5,60,1.17,21
2016/10/13,÷–∂»Œ€»æ,361,150,173,4,70,1.48,33
2016/10/14,—œ÷ÿŒ€»æ,367,241,284,5,88,1.95,29
2016/10/15,÷ÿ∂»Œ€»æ,364,190,218,3,83,1.91,3
2016/10/16,÷–∂»Œ€»æ,362,119,29,2,58,1.05,20
2016/10/17,¡º,290,59,78,2,49,0.85,26
2016/10/18,÷–∂»Œ€»æ,348,117,153,5,69,1.73,6
2016/10/19,—œ÷ÿŒ€»æ,365,225,244,4,78,2.21,16
2016/10/20,«·∂»Œ€»æ,342,94,94,6,51,1.45,13
2016/10/21,¡º,265,42,20,2,37,0.81,18
2016/10/22,”≈,25,14,13,2,27,0.55,19
2016/10/23,”≈,210,26,46,2,40,0.59,17
2016/10/24,¡º,341,60,106,2,55,1.09,3
2016/10/25,«·∂»Œ€»æ,356,96,131,2,70,1.42,4
2016/10/26,¡º,299,43,80,2,47,0.79,21
2016/10/27,¡º,219,30,52,4,48,1,6
2016/10/28,”≈,35,10,22,2,27,0.39,31
2016/10/29,¡º,211,23,56,4,44,0.54,19
2016/10/30,¡º,275,43,80,5,42,0.75,23
2016/10/31,”≈,15,8,22,2,16,0.3,45
2016/11/1,¡º,236,40,67,7,51,0.69,17
2016/11/2,«·∂»Œ€»æ,335,99,139,9,76,1.36,12
2016/11/3,÷ÿ∂»Œ€»æ,358,182,225,8,100,2.37,7
2016/11/4,—œ÷ÿŒ€»æ,358,242,283,5,116,3.33,6
2016/11/5,÷ÿ∂»Œ€»æ,344,179,205,4,95,3.16,18
2016/11/6,¡º,157,71,91,8,53,1.17,24
2016/11/7,¡º,102,39,50,3,38,0.8,26
2016/11/8,¡º,180,34,59,6,48,0.8,17
2016/11/9,÷–∂»Œ€»æ,366,148,183,12,81,2.42,3
2016/11/10,÷–∂»Œ€»æ,343,130,155,6,62,1.31,13
2016/11/11,«·∂»Œ€»æ,305,77,117,6,60,1.55,8
2016/11/12,¡º,273,74,122,9,64,1.5,11
2016/11/13,«·∂»Œ€»æ,280,93,149,10,69,2.13,3
2016/11/14,¡º,150,42,80,3,34,0.94,37
2016/11/15,¡º,216,62,110,16,71,1.87,13
2016/11/16,«·∂»Œ€»æ,308,97,142,14,79,2.19,7
2016/11/17,÷–∂»Œ€»æ,313,114,159,21,70,2.56,3
2016/11/18,÷ÿ∂»Œ€»æ,346,188,279,19,85,3.75,2
2016/11/19,÷–∂»Œ€»æ,335,123,151,8,62,1.85,20
2016/11/20,¡º,214,52,59,3,41,1.14,9
2016/11/21,”≈,12,9,14,2,13,0.36,54
2016/11/22,”≈,40,7,20,3,18,0.39,47
2016/11/23,”≈,115,17,31,7,31,0.55,32
2016/11/24,¡º,282,67,93,16,64,1.33,13
2016/11/25,÷–∂»Œ€»æ,351,153,194,22,93,2.55,4
2016/11/26,—œ÷ÿŒ€»æ,366,254,356,21,112,3.35,7
2016/11/27,¡º,149,56,94,6,44,0.97,34
2016/11/28,¡º,163,58,95,16,73,1.57,8
2016/11/29,«·∂»Œ€»æ,288,96,142,25,79,2.57,3
2016/11/30,«·∂»Œ€»æ,289,89,127,14,65,2.15,22
2016/12/1,”≈,54,27,46,7,42,0.74,37
2016/12/2,«·∂»Œ€»æ,263,92,116,18,81,1.98,8
2016/12/3,÷ÿ∂»Œ€»æ,347,191,232,23,107,3.2,5
2016/12/4,—œ÷ÿŒ€»æ,355,246,301,17,102,3.57,9
2016/12/5,¡º,130,49,79,7,40,1.07,31
2016/12/6,«·∂»Œ€»æ,244,75,115,19,85,2.11,7
2016/12/7,÷–∂»Œ€»æ,309,120,159,21,94,2.56,8
2016/12/8,«·∂»Œ€»æ,229,91,125,10,54,1.79,34
2016/12/9,”≈,8,21,36,8,38,0.7,32
2016/12/10,¡º,98,46,70,14,62,1.39,11
2016/12/11,÷ÿ∂»Œ€»æ,346,159,193,31,97,3.21,5
2016/12/12,—œ÷ÿŒ€»æ,357,219,242,38,101,2.92,6
2016/12/13,¡º,182,56,60,9,50,1.25,26
2016/12/14,”≈,60,24,38,9,42,0.74,32
2016/12/15,¡º,83,25,51,9,40,0.85,31
2016/12/16,«·∂»Œ€»æ,274,101,134,20,87,2.07,8
2016/12/17,÷ÿ∂»Œ€»æ,351,184,211,30,102,3.14,5
2016/12/18,—œ÷ÿŒ€»æ,337,219,245,24,100,3.42,7
2016/12/19,—œ÷ÿŒ€»æ,306,214,247,22,107,3.88,7
2016/12/20,—œ÷ÿŒ€»æ,342,365,422,8,133,7.67,4
2016/12/21,—œ÷ÿŒ€»æ,363,393,429,10,152,7.97,4
2016/12/22,÷–∂»Œ€»æ,325,93,170,6,45,1.95,39
2016/12/23,”≈,55,31,42,7,43,0.74,26
2016/12/24,÷–∂»Œ€»æ,343,117,143,24,86,2.57,6
2016/12/25,÷–∂»Œ€»æ,353,145,167,27,94,2.81,4
2016/12/26,¡º,240,45,54,15,47,1.01,31
2016/12/27,¡º,155,35,53,8,41,0.81,31
2016/12/28,¡º,233,57,74,9,37,0.97,29
2016/12/29,¡º,166,54,79,11,49,1.02,19
2016/12/30,÷ÿ∂»Œ€»æ,351,201,245,19,96,3.17,4
2016/12/31,—œ÷ÿŒ€»æ,353,280,329,21,127,4.4,4
2017/1/1,—œ÷ÿŒ€»æ,365,430,501,8,131,6.43,4
2017/1/2,÷ÿ∂»Œ€»æ,296,161,246,12,92,3.14,24
2017/1/3,—œ÷ÿŒ€»æ,354,290,380,17,137,5.61,9
2017/1/4,—œ÷ÿŒ€»æ,360,344,452,18,145,7.28,8
2017/1/5,—œ÷ÿŒ€»æ,345,224,275,15,109,5.55,5
2017/1/6,÷ÿ∂»Œ€»æ,350,194,190,23,104,4.28,7
2017/1/7,÷ÿ∂»Œ€»æ,327,165,128,17,80,3.22,6
2017/1/8,¡º,104,36,22,9,33,0.97,42
2017/1/9,”≈,67,32,44,6,36,0.76,38
2017/1/10,”≈,71,23,40,6,32,0.64,45
2017/1/11,¡º,198,56,81,18,70,1.54,14
2017/1/12,¡º,148,39,57,11,46,0.88,38
2017/1/13,”≈,35,7,20,4,19,0.38,60
2017/1/14,”≈,39,18,37,10,41,0.8,32
2017/1/15,¡º,197,51,69,10,48,0.99,18
2017/1/16,«·∂»Œ€»æ,284,92,107,17,65,1.71,4
2017/1/17,÷–∂»Œ€»æ,311,132,144,20,71,2.11,10
2017/1/18,¡º,74,37,50,9,48,0.83,26
2017/1/19,¡º,161,45,88,13,36,1.17,39
2017/1/20,”≈,45,21,34,7,31,0.69,48
2017/1/21,¡º,58,25,49,9,28,0.78,48
2017/1/22,”≈,8,23,34,10,38,0.79,37
2017/1/23,”≈,35,32,44,12,45,0.98,29
2017/1/24,«·∂»Œ€»æ,239,85,100,27,73,2.04,15
2017/1/25,÷ÿ∂»Œ€»æ,314,171,186,38,91,3.22,14
2017/1/26,÷ÿ∂»Œ€»æ,289,159,196,25,62,2.66,33
2017/1/27,¡º,149,60,88,20,28,0.72,59
2017/1/28,—œ÷ÿŒ€»æ,359,337,419,81,69,2.62,16
2017/1/29,¡º,166,39,75,10,16,0.72,61
2017/1/30,”≈,101,24,31,9,19,0.56,62
2017/1/31,«·∂»Œ€»æ,310,75,86,27,40,1.26,45
2017/2/1,¡º,125,30,49,12,24,0.6,56
2017/2/2,«·∂»Œ€»æ,264,80,101,29,58,1.53,31
2017/2/3,÷–∂»Œ€»æ,327,154,181,43,83,2.57,25
2017/2/4,—œ÷ÿŒ€»æ,358,247,280,49,92,3.23,33
2017/2/5,”≈,6,12,16,6,23,0.46,64
2017/2/6,”≈,14,12,23,6,26,0.47,55
2017/2/7,«·∂»Œ€»æ,322,75,93,20,59,1.51,17
2017/2/8,¡º,221,32,50,6,26,0.73,56
2017/2/9,”≈,24,6,20,2,10,0.3,73
2017/2/10,”≈,23,6,22,2,13,0.31,74
2017/2/11,¡º,86,42,66,17,43,0.87,45
2017/2/12,«·∂»Œ€»æ,306,104,132,41,76,2.28,23
2017/2/13,«·∂»Œ€»æ,229,79,104,23,66,2.06,32
2017/2/14,÷ÿ∂»Œ€»æ,338,176,190,30,95,2.89,12
2017/2/15,—œ÷ÿŒ€»æ,358,232,209,35,105,3.16,22
2017/2/16,«·∂»Œ€»æ,289,107,71,18,54,1.44,47
2017/2/17,”≈,39,20,37,6,27,0.52,59
2017/2/18,«·∂»Œ€»æ,255,83,119,25,71,1.58,25
2017/2/19,«·∂»Œ€»æ,277,97,143,24,61,1.41,43
2017/2/20,”≈,15,10,31,4,23,0.42,62
2017/2/21,¡º,308,60,77,14,58,1.32,17
2017/2/22,«·∂»Œ€»æ,313,76,50,6,40,1.08,41
2017/2/23,”≈,43,16,28,6,29,0.59,60
2017/2/24,”≈,80,25,39,9,43,0.76,45
2017/2/25,”≈,27,10,21,5,29,0.47,58
2017/2/26,”≈,50,27,45,9,49,0.76,41
2017/2/27,¡º,219,64,93,16,75,1.42,27
2017/2/28,”≈,1,14,29,6,32,0.52,58
2017/3/1,”≈,28,7,37,2,13,0.32,79
2017/3/2,¡º,105,36,73,11,50,0.81,40
2017/3/3,«·∂»Œ€»æ,343,82,139,22,67,1.47,33
2017/3/4,«·∂»Œ€»æ,273,83,107,24,68,1.54,47
2017/3/5,”≈,35,14,33,4,19,0.38,73
2017/3/6,”≈,54,16,44,5,34,0.61,48
2017/3/7,”≈,12,6,24,2,12,0.3,70
2017/3/8,”≈,15,9,29,2,20,0.39,68
2017/3/9,”≈,11,11,32,3,33,0.45,53
2017/3/10,¡º,85,30,60,10,59,0.79,41
2017/3/11,¡º,190,45,81,15,47,0.83,51
2017/3/12,”≈,43,6,27,2,11,0.26,79
2017/3/13,”≈,48,9,26,4,27,0.4,63
2017/3/14,”≈,74,17,44,6,38,0.52,52
2017/3/15,¡º,295,61,91,20,65,1.13,40
2017/3/16,«·∂»Œ€»æ,361,112,153,23,86,1.35,39
2017/3/17,÷–∂»Œ€»æ,354,120,159,18,68,1.07,46
2017/3/18,÷–∂»Œ€»æ,359,140,168,14,65,1.13,67
2017/3/19,—œ÷ÿŒ€»æ,366,221,249,31,78,2.02,79
2017/3/20,÷–∂»Œ€»æ,363,142,146,18,72,1.34,39
2017/3/21,«·∂»Œ€»æ,322,85,91,5,45,0.77,50
2017/3/22,÷–∂»Œ€»æ,359,131,170,17,77,1.21,39
2017/3/23,÷–∂»Œ€»æ,355,124,91,6,57,1.63,38
2017/3/24,¡º,263,59,0,2,46,0.96,34
2017/3/25,¡º,127,34,25,3,34,0.8,47
2017/3/26,”≈,14,11,26,2,20,0.33,70
2017/3/27,”≈,6,15,32,2,30,0.4,61
2017/3/28,¡º,220,56,90,8,50,0.65,52
2017/3/29,«·∂»Œ€»æ,353,110,133,9,61,0.86,55
2017/3/30,«·∂»Œ€»æ,311,88,131,14,54,1.14,46
2017/3/31,”≈,86,18,47,3,30,0.4,66
2017/4/1,¡º,119,28,73,5,50,0.58,48
2017/4/2,¡º,262,66,110,12,70,1.07,48
2017/4/3,÷–∂»Œ€»æ,360,122,168,19,76,1.26,74
2017/4/4,÷–∂»Œ€»æ,363,134,155,20,63,1.14,62
2017/4/5,¡º,224,61,60,5,27,0.61,95
2017/4/6,«·∂»Œ€»æ,324,95,91,5,44,0.9,74
2017/4/7,«·∂»Œ€»æ,280,76,120,7,43,0.79,60
2017/4/8,«·∂»Œ€»æ,328,76,138,6,59,0.89,30
2017/4/9,¡º,349,63,100,6,45,0.88,46
2017/4/10,¡º,339,64,117,8,57,0.74,42
2017/4/11,¡º,204,27,66,3,31,0.38,62
2017/4/12,¡º,199,25,84,4,49,0.54,46
2017/4/13,¡º,307,52,131,13,60,1.03,49
2017/4/14,¡º,317,58,131,5,65,0.85,45
2017/4/15,¡º,115,34,86,4,48,0.48,63
2017/4/16,«·∂»Œ€»æ,350,90,171,15,68,0.95,56
2017/4/17,÷–∂»Œ€»æ,354,125,215,7,54,0.95,57
2017/4/18,¡º,145,22,78,2,17,0.24,81
2017/4/19,¡º,230,41,113,6,67,0.8,20
2017/4/20,¡º,227,37,92,2,43,0.69,46
2017/4/21,¡º,141,16,56,2,20,0.29,74
2017/4/22,¡º,325,41,118,7,41,0.46,68
2017/4/23,¡º,116,22,71,3,21,0.37,86
2017/4/24,¡º,168,33,82,4,30,0.5,73
2017/4/25,”≈,40,11,37,2,22,0.27,59
2017/4/26,”≈,88,13,38,2,27,0.33,64
2017/4/27,”≈,87,14,46,2,32,0.31,62
2017/4/28,¡º,110,21,65,2,36,0.39,67
2017/4/29,¡º,166,38,99,2,39,0.39,69
2017/4/30,«·∂»Œ€»æ,312,48,159,4,42,0.48,77
2017/5/1,¡º,222,40,112,7,44,0.7,71
2017/5/2,¡º,293,57,129,9,50,0.95,105
2017/5/3,«·∂»Œ€»æ,324,72,121,8,47,0.85,79
2017/5/4,—œ÷ÿŒ€»æ,354,336,772,2,21,0.29,79
2017/5/5,—œ÷ÿŒ€»æ,312,185,438,3,21,0.31,64
2017/5/6,¡º,128,31,90,2,32,0.36,68
2017/5/7,¡º,113,26,75,3,40,0.4,78
2017/5/8,¡º,255,52,109,6,52,0.56,96
2017/5/9,¡º,280,45,97,6,25,0.51,107
2017/5/10,¡º,135,37,68,3,29,0.46,87
2017/5/11,¡º,271,28,130,3,30,0.32,69
2017/5/12,«·∂»Œ€»æ,303,42,166,4,23,0.39,90
2017/5/13,¡º,142,18,71,2,15,0.25,72
2017/5/14,”≈,52,11,37,2,15,0.28,87
2017/5/15,¡º,183,20,58,5,23,0.52,94
2017/5/16,¡º,342,40,88,8,28,0.59,126
2017/5/17,«·∂»Œ€»æ,358,58,111,8,34,0.68,151
2017/5/18,«·∂»Œ€»æ,356,79,143,9,50,0.82,169
2017/5/19,«·∂»Œ€»æ,351,83,152,8,39,0.79,153
2017/5/20,«·∂»Œ€»æ,331,54,124,8,37,0.7,131
2017/5/21,¡º,284,56,98,14,26,0.94,123
2017/5/22,¡º,241,42,60,7,33,1.15,40
2017/5/23,”≈,157,17,37,3,28,0.36,96
2017/5/24,¡º,176,16,51,2,41,0.38,77
2017/5/25,¡º,232,20,82,5,37,0.53,90
2017/5/26,¡º,289,43,94,8,48,0.58,110
2017/5/27,«·∂»Œ€»æ,312,65,116,19,45,1.29,154
2017/5/28,«·∂»Œ€»æ,359,87,137,15,34,1.36,167
2017/5/29,¡º,146,28,88,7,24,0.66,92
2017/5/30,¡º,169,39,68,2,36,0.64,91
2017/5/31,«·∂»Œ€»æ,331,65,105,3,43,0.75,115
2017/6/1,¡º,213,22,56,3,27,0.6,113
2017/6/2,¡º,175,22,65,11,36,0.94,53
2017/6/3,¡º,194,28,55,4,34,0.69,75
2017/6/4,¡º,354,45,89,9,47,0.63,111
2017/6/5,«·∂»Œ€»æ,361,63,113,15,59,0.91,119
2017/6/6,¡º,247,35,46,2,23,0.5,81
2017/6/7,¡º,302,45,53,2,29,0.6,85
2017/6/8,¡º,144,23,53,2,51,0.55,63
2017/6/9,¡º,289,28,88,4,50,0.59,103
2017/6/10,¡º,263,20,70,10,31,0.77,83
2017/6/11,¡º,298,31,83,6,46,0.64,88
2017/6/12,¡º,283,33,78,15,43,1.08,92
2017/6/13,¡º,255,39,62,4,41,0.81,98
2017/6/14,¡º,276,36,59,2,45,0.72,106
2017/6/15,«·∂»Œ€»æ,295,37,89,3,44,0.59,150
2017/6/16,«·∂»Œ€»æ,301,57,124,5,39,0.62,155
2017/6/17,«·∂»Œ€»æ,341,79,155,10,36,0.87,177
2017/6/18,«·∂»Œ€»æ,349,71,128,10,30,0.84,166
2017/6/19,¡º,317,35,58,2,25,0.57,146
2017/6/20,¡º,327,31,64,3,24,0.61,157
2017/6/21,«·∂»Œ€»æ,332,49,83,7,28,0.86,151
2017/6/22,¡º,225,31,27,1,23,0.77,94
2017/6/23,”≈,132,18,11,2,18,0.66,85
2017/6/24,”≈,115,19,26,2,19,0.5,77
2017/6/25,¡º,233,25,44,2,30,0.5,84
2017/6/26,¡º,224,22,45,1,34,0.44,104
2017/6/27,«·∂»Œ€»æ,356,69,106,5,39,0.79,150
2017/6/28,«·∂»Œ€»æ,359,94,124,7,40,1.17,154
2017/6/29,«·∂»Œ€»æ,332,59,86,5,30,0.82,152
2017/6/30,«·∂»Œ€»æ,359,71,111,2,36,0.84,159
2017/7/1,«·∂»Œ€»æ,362,89,132,3,40,0.97,154
2017/7/2,÷–∂»Œ€»æ,362,93,122,6,31,1.08,157
2017/7/3,¡º,308,59,77,2,28,0.81,103
2017/7/4,¡º,270,48,55,2,37,0.8,88
2017/7/5,«·∂»Œ€»æ,363,82,92,2,36,1.02,116
2017/7/6,¡º,356,69,49,3,31,1.37,71
2017/7/7,¡º,274,31,38,2,18,0.73,113
2017/7/8,¡º,313,36,57,1,28,0.63,129
2017/7/9,«·∂»Œ€»æ,361,73,98,2,28,1.02,152
2017/7/10,¡º,301,24,52,2,30,0.5,124
2017/7/11,«·∂»Œ€»æ,344,43,88,3,40,0.78,171
2017/7/12,«·∂»Œ€»æ,363,73,131,3,38,0.92,165
2017/7/13,«·∂»Œ€»æ,343,65,93,3,24,0.74,131
2017/7/14,¡º,284,32,62,2,34,0.64,112
2017/7/15,¡º,302,34,45,2,26,0.89,111
2017/7/16,«·∂»Œ€»æ,365,63,84,2,34,1.11,123
2017/7/17,¡º,339,53,71,2,28,1.01,105
2017/7/18,¡º,344,62,80,2,26,0.89,91
2017/7/19,«·∂»Œ€»æ,351,73,83,2,24,0.75,101
2017/7/20,«·∂»Œ€»æ,361,96,113,2,29,0.78,104
2017/7/21,”≈,121,22,24,2,24,0.67,60
2017/7/22,”≈,60,21,35,2,29,0.61,46
2017/7/23,¡º,199,41,58,2,35,0.69,52
2017/7/24,¡º,206,40,57,2,38,0.76,26
2017/7/25,¡º,184,31,48,3,31,0.81,71
2017/7/26,”≈,60,21,33,2,29,0.68,62
2017/7/27,¡º,177,38,64,2,44,0.93,49
2017/7/28,¡º,156,26,57,2,41,0.71,62
2017/7/29,¡º,234,31,59,2,37,0.66,79
2017/7/30,¡º,306,36,66,2,33,0.65,104
2017/7/31,«·∂»Œ€»æ,356,75,100,2,34,0.92,143
2017/8/1,¡º,346,67,86,2,29,0.96,92
2017/8/2,¡º,234,33,50,3,24,1.04,47
2017/8/3,”≈,168,19,37,2,17,0.6,85
2017/8/4,¡º,254,20,43,2,34,0.54,92
2017/8/5,¡º,281,25,57,2,33,0.62,108
2017/8/6,¡º,167,16,33,2,27,0.47,87
2017/8/7,”≈,144,9,32,2,29,0.4,90
2017/8/8,¡º,353,27,67,2,37,0.64,121
2017/8/9,¡º,246,21,34,2,23,0.54,103
2017/8/10,¡º,327,62,83,2,31,0.75,106
2017/8/11,«·∂»Œ€»æ,358,89,98,2,36,1.14,88
2017/8/12,”≈,161,29,36,2,34,0.73,68
2017/8/13,¡º,277,39,50,2,34,0.87,49
2017/8/14,¡º,222,26,40,2,25,0.74,83
2017/8/15,¡º,317,52,73,3,30,0.91,94
2017/8/16,¡º,340,56,71,2,36,0.86,62
2017/8/17,”≈,176,21,34,2,26,0.67,73
2017/8/18,¡º,333,51,72,2,50,1.14,60
2017/8/19,¡º,299,41,50,2,31,1,75
2017/8/20,¡º,349,59,71,2,35,1.19,77
2017/8/21,«·∂»Œ€»æ,359,68,92,2,36,1.04,108
2017/8/22,«·∂»Œ€»æ,361,77,94,2,33,0.93,67
2017/8/23,”≈,177,10,28,2,25,0.51,81
2017/8/24,”≈,146,13,36,2,35,0.52,40
2017/8/25,”≈,102,8,34,2,35,0.41,38
2017/8/26,”≈,229,13,53,2,46,0.52,29
2017/8/27,”≈,81,16,27,2,27,0.52,55
2017/8/28,”≈,123,18,17,2,25,0.49,39
2017/8/29,”≈,207,14,45,3,34,0.47,41
2017/8/30,¡º,356,50,85,3,42,0.79,70
2017/8/31,«·∂»Œ€»æ,359,79,97,2,33,0.88,65
2017/9/1,÷–∂»Œ€»æ,366,134,149,2,38,1.39,71
2017/9/2,«·∂»Œ€»æ,366,109,118,2,32,1.16,79
2017/9/3,¡º,319,55,77,3,29,0.77,87
2017/9/4,«·∂»Œ€»æ,366,87,111,3,34,0.9,93
2017/9/5,¡º,295,39,59,2,33,0.65,51
2017/9/6,”≈,190,14,47,2,40,0.48,56
2017/9/7,¡º,333,42,97,2,46,0.72,102
2017/9/8,«·∂»Œ€»æ,364,106,134,2,58,1.08,51
2017/9/9,«·∂»Œ€»æ,352,78,115,2,31,1.12,148
2017/9/10,«·∂»Œ€»æ,364,90,104,3,40,1.14,56
2017/9/11,”≈,142,19,36,2,38,0.5,46
2017/9/12,”≈,128,19,55,1,41,0.5,59
2017/9/13,«·∂»Œ€»æ,348,70,120,5,56,1.07,94
2017/9/14,«·∂»Œ€»æ,365,86,125,4,47,1.03,89
2017/9/15,¡º,312,58,98,3,59,0.84,59
2017/9/16,«·∂»Œ€»æ,355,87,124,3,60,1.04,74
2017/9/17,”≈,39,10,30,2,32,0.37,53
2017/9/18,¡º,134,21,70,2,53,0.55,62
2017/9/19,”≈,97,12,48,2,44,0.44,42
2017/9/20,”≈,150,12,51,2,44,0.41,47
2017/9/21,¡º,308,55,115,7,73,0.94,66
2017/9/22,¡º,245,24,90,2,38,0.46,53
2017/9/23,«·∂»Œ€»æ,354,46,183,5,68,0.82,47
2017/9/24,¡º,347,59,146,4,54,0.97,84
2017/9/25,«·∂»Œ€»æ,345,75,129,7,45,1.44,79
2017/9/26,¡º,312,48,67,2,40,0.71,35
2017/9/27,¡º,238,26,58,3,47,0.92,14
2017/9/28,”≈,55,9,33,2,27,0.32,41
2017/9/29,¡º,288,40,95,3,67,0.72,34
2017/9/30,«·∂»Œ€»æ,361,107,155,4,66,1.11,56
2017/10/1,«·∂»Œ€»æ,352,73,91,1,47,0.75,52
2017/10/2,”≈,159,12,44,3,32,0.5,24
2017/10/3,”≈,109,15,33,1,32,0.43,23
2017/10/5,¡º,346,53,77,4,38,0.72,45
2017/10/6,¡º,353,67,89,5,47,0.78,43
2017/10/7,«·∂»Œ€»æ,361,109,131,2,71,1.11,11
2017/10/8,÷–∂»Œ€»æ,363,126,91,2,67,1.26,5
2017/10/9,”≈,179,29,10,2,29,0.64,20
2017/10/10,”≈,6,5,8,2,18,0.33,31
2017/10/11,”≈,15,10,20,2,26,0.41,22
2017/10/12,”≈,141,19,35,2,37,0.49,22
2017/10/13,¡º,234,35,53,1,45,0.75,22
2017/10/14,”≈,82,14,32,3,41,0.61,18
2017/10/15,¡º,266,46,52,2,38,1.01,21
2017/10/16,¡º,237,38,51,3,39,0.92,29
2017/10/17,¡º,319,68,80,2,46,1.19,25
2017/10/18,¡º,326,67,22,2,44,1.18,17
2017/10/19,¡º,261,53,20,1,36,1.16,24
2017/10/20,«·∂»Œ€»æ,325,93,47,2,44,1.36,25
2017/10/21,«·∂»Œ€»æ,308,75,57,2,36,1.31,36
2017/10/22,¡º,115,37,47,3,41,0.89,16
2017/10/23,”≈,91,34,43,2,36,0.66,24
2017/10/24,¡º,263,66,76,2,44,0.91,30
2017/10/25,«·∂»Œ€»æ,350,106,58,2,52,1.27,16
2017/10/26,÷–∂»Œ€»æ,360,149,17,2,65,1.56,11
2017/10/27,÷ÿ∂»Œ€»æ,352,166,0,2,65,1.54,20
2017/10/28,¡º,172,47,48,1,26,0.66,38
2017/10/29,”≈,4,7,21,2,24,0.34,39
2017/10/30,”≈,31,17,41,3,44,0.53,24
2017/10/31,¡º,229,56,98,4,69,0.94,7
2017/11/1,¡º,193,63,99,2,76,1.01,12
2017/11/2,¡º,113,50,84,5,55,0.91,27
2017/11/3,”≈,4,7,27,2,27,0.34,39
2017/11/4,¡º,102,33,60,3,51,0.73,22
2017/11/5,«·∂»Œ€»æ,329,98,118,5,67,1.23,17
2017/11/6,÷–∂»Œ€»æ,356,151,136,4,67,1.48,25
2017/11/7,«·∂»Œ€»æ,265,86,74,2,43,0.93,35
2017/11/8,”≈,53,18,42,5,48,0.79,19
2017/11/9,¡º,179,50,89,5,61,1.34,8
2017/11/10,”≈,28,9,39,2,15,0.31,49
2017/11/11,”≈,38,16,34,3,34,0.42,24
2017/11/12,¡º,253,53,89,5,61,0.97,7
2017/11/13,¡º,165,26,71,2,30,0.62,38
2017/11/14,”≈,10,9,27,2,23,0.44,39
2017/11/15,”≈,54,14,36,2,35,0.51,35
2017/11/16,¡º,213,55,83,9,69,1.29,10
2017/11/17,¡º,154,24,59,4,32,0.67,40
2017/11/18,¡º,224,34,54,5,31,0.58,38
2017/11/19,«·∂»Œ€»æ,346,86,114,8,69,1.27,8
2017/11/20,«·∂»Œ€»æ,342,101,128,10,83,1.82,11
2017/11/21,÷–∂»Œ€»æ,354,119,161,11,85,1.83,20
2017/11/22,”≈,45,7,33,2,16,0.33,52
2017/11/23,”≈,16,6,28,2,19,0.37,43
2017/11/24,”≈,49,18,44,5,31,0.53,33
2017/11/25,¡º,128,39,74,7,57,0.97,16
2017/11/26,”≈,27,10,27,2,22,0.39,49
2017/11/27,¡º,236,67,92,9,69,1.37,8
2017/11/28,¡º,127,39,78,4,39,0.86,36
2017/11/29,”≈,15,12,32,3,32,0.48,33
2017/11/30,”≈,116,22,46,6,41,0.68,28
2017/12/1,¡º,280,67,99,10,66,1.26,12
2017/12/2,÷–∂»Œ€»æ,344,144,177,15,103,2.24,5
2017/12/3,¡º,191,52,72,6,41,0.92,40
2017/12/4,”≈,2,5,21,1,15,0.34,53
2017/12/5,”≈,34,22,46,5,43,0.72,27
2017/12/6,”≈,30,23,53,6,41,0.78,32
2017/12/7,”≈,2,8,25,4,19,0.42,39
2017/12/8,”≈,23,20,43,5,40,0.73,23
2017/12/9,¡º,41,33,62,8,58,1.04,16
2017/12/10,”≈,19,6,45,2,13,0.28,61
2017/12/11,”≈,6,5,20,2,15,0.32,54
2017/12/12,”≈,7,12,25,3,30,0.55,27
2017/12/13,”≈,82,31,49,6,50,0.87,10
2017/12/14,¡º,249,70,85,18,68,1.76,6
2017/12/15,¡º,179,35,57,6,34,0.85,37
2017/12/16,”≈,69,7,39,1,10,0.32,58
2017/12/17,”≈,54,24,48,5,48,0.76,30
2017/12/18,”≈,32,13,49,3,21,0.44,47
2017/12/19,¡º,102,34,66,8,47,0.74,20
2017/12/20,”≈,18,21,44,4,40,0.65,36
2017/12/21,¡º,126,51,77,12,77,1.33,9
2017/12/22,¡º,50,36,63,9,55,1.07,29
2017/12/23,”≈,20,30,55,10,60,1.02,13
2017/12/24,”≈,33,14,50,3,17,0.42,59
2017/12/25,”≈,33,28,46,8,44,0.69,28
2017/12/26,”≈,32,22,42,6,45,0.73,31
2017/12/27,«·∂»Œ€»æ,176,75,91,10,69,1.45,7
2017/12/28,«·∂»Œ€»æ,240,105,120,11,68,1.86,10
2017/12/29,÷ÿ∂»Œ€»æ,292,172,194,6,85,2.9,6
2017/12/30,÷–∂»Œ€»æ,254,116,129,4,62,2.03,22
2017/12/31,¡º,40,29,62,5,47,0.83,21
2018/1/1,¡º,42,35,65,11,46,1.23,23
2018/1/2,”≈,44,27,48,6,35,0.94,28
2018/1/3,”≈,21,10,26,4,20,0.44,44
2018/1/4,”≈,56,14,27,4,31,0.51,32
2018/1/5,¡º,127,30,52,8,51,0.95,20
2018/1/6,”≈,44,14,27,5,38,0.57,35
2018/1/7,¡º,170,37,57,10,46,0.92,27
2018/1/8,¡º,111,12,56,3,10,0.34,60
2018/1/9,”≈,28,6,32,2,12,0.35,58
2018/1/10,”≈,14,5,20,2,8,0.3,62
2018/1/11,”≈,5,10,21,4,22,0.47,46
2018/1/12,¡º,222,55,77,12,72,1.32,11
2018/1/13,«·∂»Œ€»æ,291,98,122,17,85,1.83,8
2018/1/14,÷–∂»Œ€»æ,327,136,151,13,77,1.91,23
2018/1/15,”≈,23,29,52,7,48,0.94,29
2018/1/16,«·∂»Œ€»æ,205,45,175,5,43,0.79,37
2018/1/17,¡º,80,43,106,9,51,1.09,31
2018/1/18,¡º,119,56,96,11,74,1.19,14
2018/1/19,«·∂»Œ€»æ,174,80,119,14,78,1.56,19
2018/1/20,¡º,84,30,73,9,51,0.88,24
2018/1/21,¡º,106,35,74,20,47,1.3,21
2018/1/22,”≈,53,23,47,4,28,0.7,45
2018/1/23,”≈,12,8,29,3,14,0.44,58
2018/1/24,”≈,18,15,30,4,28,0.48,52
2018/1/25,”≈,38,8,21,3,26,0.44,52
2018/1/26,”≈,81,24,36,7,43,0.6,34
2018/1/27,«·∂»Œ€»æ,307,78,92,14,71,1.48,9
2018/1/28,¡º,139,13,62,2,16,0.42,62
2018/1/29,¡º,106,8,61,3,18,0.37,59
2018/1/30,”≈,13,10,34,5,26,0.44,57
2018/1/31,¡º,93,19,70,6,28,0.47,54
2018/2/1,¡º,72,30,83,10,39,0.78,39
2018/2/2,”≈,5,7,29,4,11,0.36,67
2018/2/3,”≈,1,7,20,4,19,0.4,55
2018/2/4,”≈,10,17,34,7,33,0.57,43
2018/2/5,”≈,6,6,17,3,14,0.34,64
2018/2/6,¡º,109,41,53,12,51,0.9,29
2018/2/7,¡º,79,32,53,8,34,0.73,54
2018/2/8,¡º,84,48,68,11,54,0.96,32
2018/2/9,¡º,125,41,109,8,36,0.81,47
2018/2/10,”≈,9,9,41,3,12,0.36,67
2018/2/11,¡º,103,8,78,3,6,0.28,73
2018/2/12,¡º,58,10,55,4,13,0.38,66
2018/2/13,¡º,210,55,77,13,58,1.2,29
2018/2/14,”≈,18,14,35,3,19,0.44,69
2018/2/15,¡º,102,37,48,13,19,0.52,70
2018/2/16,«·∂»Œ€»æ,151,75,97,14,23,0.61,64
2018/2/17,«·∂»Œ€»æ,233,78,89,15,34,1.43,42
2018/2/18,«·∂»Œ€»æ,329,113,95,14,48,1.86,47
2018/2/19,÷–∂»Œ€»æ,348,140,75,23,44,2.18,52
2018/2/20,¡º,230,47,19,5,21,0.72,68
2018/2/21,¡º,147,32,41,7,26,0.66,60
2018/2/22,”≈,108,15,44,5,27,0.51,57
2018/2/23,”≈,112,20,48,5,30,0.63,53
2018/2/24,¡º,203,30,77,10,22,0.73,54
2018/2/25,¡º,222,54,66,10,42,0.88,41
2018/2/26,÷–∂»Œ€»æ,340,120,120,21,71,1.66,43
2018/2/27,÷ÿ∂»Œ€»æ,353,169,171,12,57,2.05,38
2018/2/28,«·∂»Œ€»æ,312,92,121,9,37,1.12,66
2018/3/1,”≈,63,14,48,3,15,0.38,75
2018/3/2,¡º,318,73,99,17,52,1.08,41
2018/3/3,÷ÿ∂»Œ€»æ,357,167,195,19,75,1.94,29
2018/3/4,«·∂»Œ€»æ,344,61,198,7,37,0.89,38
2018/3/5,¡º,345,47,132,8,43,0.93,37
2018/3/6,¡º,261,45,65,10,40,0.95,44
2018/3/7,¡º,238,44,61,8,48,0.78,34
2018/3/8,¡º,212,42,58,5,35,0.73,59
2018/3/9,«·∂»Œ€»æ,344,101,112,12,68,1.3,35
2018/3/10,÷–∂»Œ€»æ,343,123,136,15,64,1.53,60
2018/3/11,¡º,210,60,69,16,47,1.33,51
2018/3/12,÷–∂»Œ€»æ,343,141,147,11,72,1.7,43
2018/3/13,—œ÷ÿŒ€»æ,358,238,9,10,93,2.08,71
2018/3/14,—œ÷ÿŒ€»æ,362,242,0,16,80,2.61,54
2018/3/15,¡º,189,26,48,3,17,0.46,75
2018/3/16,¡º,199,31,63,6,29,0.59,62
2018/3/17,¡º,294,58,35,4,60,0.93,18
2018/3/18,«·∂»Œ€»æ,337,102,21,2,54,1.02,41
2018/3/19,«·∂»Œ€»æ,289,73,29,3,45,0.78,51
2018/3/20,”≈,92,22,39,3,32,0.48,61
2018/3/21,¡º,298,56,79,8,53,0.84,38
2018/3/22,«·∂»Œ€»æ,329,85,103,7,65,0.96,47
2018/3/23,«·∂»Œ€»æ,332,110,137,10,86,1.36,31
2018/3/24,«·∂»Œ€»æ,302,85,84,9,60,1.12,63
2018/3/25,¡º,159,53,91,6,56,0.63,70
2018/3/26,÷–∂»Œ€»æ,348,117,141,11,70,0.99,78
2018/3/27,÷ÿ∂»Œ€»æ,363,194,195,11,98,1.37,64
2018/3/28,—œ÷ÿŒ€»æ,361,154,858,5,52,0.89,56
2018/3/29,«·∂»Œ€»æ,295,44,178,12,45,0.86,51
2018/3/30,¡º,139,39,81,7,50,0.59,60
2018/3/31,«·∂»Œ€»æ,320,96,148,12,80,1.05,56
2018/4/1,÷ÿ∂»Œ€»æ,361,173,209,14,78,1.51,102
2018/4/2,—œ÷ÿŒ€»æ,362,229,211,10,61,1.82,104
2018/4/3,¡º,182,12,98,2,15,0.28,75
2018/4/4,”≈,1,21,20,2,30,0.44,36
2018/4/5,¡º,293,48,70,2,28,0.59,33
2018/4/6,¡º,186,16,89,1,8,0.26,86
2018/4/7,¡º,47,15,43,3,18,0.31,86
2018/4/8,¡º,117,38,85,5,47,0.56,55
2018/4/9,«·∂»Œ€»æ,323,83,121,20,62,1.36,65
2018/4/10,¡º,243,53,118,7,39,0.87,60
2018/4/11,”≈,36,17,53,3,33,0.32,66
2018/4/12,¡º,240,30,106,8,38,0.61,64
2018/4/13,¡º,267,37,59,8,54,1.18,34
2018/4/14,«·∂»Œ€»æ,321,28,171,1,12,0.3,82
2018/4/15,¡º,171,22,84,3,27,0.33,74
2018/4/16,«·∂»Œ€»æ,256,68,151,9,48,0.66,80
2018/4/17,«·∂»Œ€»æ,350,97,217,9,40,0.81,100
2018/4/18,«·∂»Œ€»æ,354,107,208,9,45,0.86,93
2018/4/19,÷–∂»Œ€»æ,361,123,192,8,52,1.01,116
2018/4/20,÷–∂»Œ€»æ,360,123,157,13,41,1.4,145
2018/4/21,«·∂»Œ€»æ,350,72,49,3,36,1.03,67
2018/4/22,”≈,12,9,18,2,18,0.38,67
2018/4/23,”≈,67,15,32,2,24,0.41,76
2018/4/24,”≈,109,17,36,3,36,0.42,68
2018/4/25,¡º,138,30,62,3,43,0.46,81
2018/4/26,«·∂»Œ€»æ,345,88,110,7,49,0.76,94
2018/4/27,«·∂»Œ€»æ,326,41,169,3,39,0.58,87
2018/4/28,«·∂»Œ€»æ,330,86,165,9,53,0.76,112
2018/4/29,÷–∂»Œ€»æ,355,151,175,7,61,1.07,103
2018/4/30,¡º,149,28,69,4,23,0.65,85
2018/5/1,«·∂»Œ€»æ,344,40,176,2,28,0.46,57
2018/5/2,”≈,47,15,43,2,22,0.28,70
2018/5/3,”≈,59,13,51,2,25,0.26,79
2018/5/4,¡º,287,57,108,7,53,0.59,89
2018/5/5,÷–∂»Œ€»æ,360,78,246,4,45,0.52,70
2018/5/6,«·∂»Œ€»æ,360,59,190,3,40,0.51,82
2018/5/7,«·∂»Œ€»æ,340,55,137,8,34,0.76,115
2018/5/8,¡º,220,27,76,4,39,0.49,81
2018/5/9,¡º,267,43,96,7,46,0.63,100
2018/5/10,«·∂»Œ€»æ,356,89,138,11,60,1.03,119
2018/5/11,«·∂»Œ€»æ,352,78,107,5,50,0.84,86
2018/5/12,÷–∂»Œ€»æ,362,139,132,3,43,1.51,80
2018/5/13,¡º,175,44,78,5,38,0.58,96
2018/5/14,÷–∂»Œ€»æ,364,118,150,6,43,1.21,137
2018/5/15,¡º,303,67,102,4,39,1.02,101
2018/5/16,«·∂»Œ€»æ,353,111,75,4,36,1.81,93
2018/5/17,¡º,226,43,52,2,27,0.95,60
2018/5/18,¡º,153,21,47,3,25,0.53,108
2018/5/19,¡º,324,36,70,4,41,0.74,100
2018/5/20,¡º,256,36,45,2,28,0.77,89
2018/5/21,¡º,339,60,25,2,36,1.02,35
2018/5/22,«·∂»Œ€»æ,336,42,133,1,24,0.4,63
2018/5/23,«·∂»Œ€»æ,357,56,231,4,39,0.47,77
2018/5/24,«·∂»Œ€»æ,321,49,129,7,49,0.74,118
2018/5/25,«·∂»Œ€»æ,327,60,126,6,38,0.76,131
2018/5/26,«·∂»Œ€»æ,306,99,167,3,35,0.81,87
2018/5/27,¡º,254,42,125,2,31,0.35,83
2018/5/28,÷–∂»Œ€»æ,359,64,256,2,22,0.24,67
2018/5/29,”≈,52,12,38,2,30,0.31,67
2018/5/30,¡º,126,12,36,2,32,0.34,94
2018/5/31,¡º,302,26,66,5,42,0.56,130
2018/6/1,¡º,252,26,66,2,44,0.47,130
2018/6/2,«·∂»Œ€»æ,328,47,101,7,48,0.7,159
2018/6/3,¡º,257,53,125,3,37,0.64,105
2018/6/4,¡º,240,28,86,2,38,0.42,98
2018/6/5,«·∂»Œ€»æ,327,38,117,6,44,0.55,135
2018/6/6,«·∂»Œ€»æ,328,48,139,8,42,0.69,151
2018/6/7,¡º,200,23,58,2,23,0.48,113
2018/6/8,¡º,156,13,36,2,30,0.42,87
2018/6/9,¡º,174,20,43,2,29,0.53,81
2018/6/10,¡º,182,31,32,1,21,0.67,103
2018/6/11,¡º,295,63,61,1,29,0.78,106
2018/6/12,«·∂»Œ€»æ,357,84,94,2,43,0.94,111
2018/6/13,¡º,260,46,38,2,30,0.88,82
2018/6/14,¡º,208,21,38,2,35,0.61,105
2018/6/15,«·∂»Œ€»æ,362,80,46,4,28,1.41,128
2018/6/16,«·∂»Œ€»æ,339,77,69,2,28,0.94,124
2018/6/17,¡º,255,45,59,2,27,0.77,121
2018/6/18,«·∂»Œ€»æ,364,80,92,2,33,0.88,116
2018/6/19,¡º,343,49,69,3,26,0.91,119
2018/6/20,¡º,304,38,50,2,29,0.7,106
2018/6/21,¡º,302,25,61,5,33,0.71,133
2018/6/22,¡º,309,56,87,6,49,1.05,106
2018/6/23,«·∂»Œ€»æ,358,55,84,3,32,0.8,181
2018/6/24,«·∂»Œ€»æ,347,54,94,3,32,0.75,170
2018/6/25,«·∂»Œ€»æ,363,76,113,4,41,1.02,143
2018/6/26,÷–∂»Œ€»æ,365,124,44,3,34,1.58,141
2018/6/27,¡º,254,25,49,2,32,0.49,73
2018/6/28,”≈,130,8,23,3,21,0.3,79
2018/6/29,¡º,258,17,56,2,41,0.45,92
2018/6/30,«·∂»Œ€»æ,361,31,74,4,33,0.83,140
2018/7/1,¡º,312,46,57,3,24,0.92,115
2018/7/2,¡º,302,42,55,2,22,0.76,92
2018/7/3,¡º,327,53,54,2,22,0.76,108
2018/7/4,«·∂»Œ€»æ,360,57,78,2,29,0.82,138
2018/7/5,«·∂»Œ€»æ,362,69,107,3,33,1.09,142
2018/7/6,¡º,326,33,54,2,23,0.87,142
2018/7/7,¡º,326,51,55,2,25,0.84,42
2018/7/8,¡º,349,50,29,2,21,0.83,91
2018/7/9,«·∂»Œ€»æ,364,77,44,2,27,0.9,57
2018/7/10,”≈,241,32,34,2,20,0.69,63
2018/7/11,”≈,161,28,27,2,32,0.61,47
2018/7/12,”≈,187,30,25,2,28,0.7,46
2018/7/13,¡º,295,41,49,2,36,0.82,55
2018/7/14,¡º,353,49,43,2,22,0.72,95
2018/7/15,¡º,355,58,54,3,27,0.85,110
2018/7/16,”≈,181,26,29,2,25,0.72,58
2018/7/17,”≈,30,17,16,2,25,0.66,46
2018/7/18,«·∂»Œ€»æ,362,78,58,2,24,1.22,67
2018/7/19,¡º,351,67,63,4,31,0.92,75
2018/7/20,«·∂»Œ€»æ,364,83,57,3,26,1.02,104
2018/7/21,«·∂»Œ€»æ,361,68,81,3,20,0.8,123
2018/7/22,¡º,287,42,50,2,24,0.77,71
2018/7/23,¡º,342,52,60,2,22,0.88,81
2018/7/24,”≈,33,16,22,2,16,0.59,32
2018/7/25,”≈,71,9,16,2,16,0.47,71
2018/7/26,”≈,165,10,28,2,22,0.49,86
2018/7/27,¡º,318,45,56,2,21,1.05,102
2018/7/28,¡º,344,53,66,2,19,1.04,128
2018/7/29,«·∂»Œ€»æ,365,71,89,2,26,1.22,126
2018/7/30,«·∂»Œ€»æ,365,71,87,2,26,1.1,126
2018/7/31,«·∂»Œ€»æ,366,61,83,3,28,1.05,135
2018/8/1,«·∂»Œ€»æ,366,55,83,2,25,1.03,148
2018/8/2,«·∂»Œ€»æ,366,83,102,4,23,1.49,139
2018/8/3,¡º,349,53,81,2,26,0.97,123
2018/8/4,«·∂»Œ€»æ,359,63,97,9,26,1.24,163
2018/8/5,¡º,288,35,58,3,18,0.8,94
2018/8/6,¡º,187,36,49,11,30,1.39,51
2018/8/7,¡º,339,58,64,2,24,1.24,89
2018/8/8,”≈,97,19,22,3,18,0.89,63
2018/8/9,¡º,259,24,35,1,25,0.92,98
2018/8/10,«·∂»Œ€»æ,346,30,47,4,24,0.82,140
2018/8/11,¡º,227,40,46,2,22,1.03,107
2018/8/12,¡º,291,53,39,4,22,1.19,77
2018/8/13,¡º,299,46,49,2,22,1.01,103
2018/8/14,”≈,169,22,30,3,17,0.74,61
2018/8/15,”≈,119,12,27,1,21,0.5,66
2018/8/16,¡º,294,12,29,4,20,0.42,100
2018/8/17,¡º,359,32,63,2,30,0.63,152
2018/8/18,”≈,204,13,23,4,22,0.49,77
2018/8/19,”≈,129,20,36,2,27,0.73,51
2018/8/20,¡º,213,22,38,4,20,0.7,87
2018/8/21,”≈,101,12,32,1,24,0.43,84
2018/8/22,”≈,133,17,47,4,39,0.63,43
2018/8/23,¡º,132,15,40,2,27,0.58,86
2018/8/25,¡º,302,34,74,3,24,0.72,136
2018/8/27,«·∂»Œ€»æ,351,59,83,5,29,1.02,147
2018/8/29,”≈,166,6,24,1,19,0.41,91
2018/8/31,¡º,303,14,30,2,21,0.51,119
2018/9/2,¡º,289,40,33,2,16,0.73,96
2018/9/3,”≈,179,16,15,6,14,0.41,59
2018/9/4,”≈,38,6,18,1,21,0.34,51
2018/9/5,”≈,84,10,30,3,28,0.41,65
2018/9/6,”≈,114,7,35,2,17,0.34,55
2018/9/7,”≈,20,4,17,2,14,0.3,48
2018/9/8,”≈,38,6,22,2,24,0.33,46
2018/9/9,¡º,230,22,54,4,38,0.52,61
2018/9/10,¡º,292,41,72,5,49,0.89,65
2018/9/11,¡º,316,43,72,5,38,0.76,71
2018/9/12,¡º,277,42,47,3,36,0.72,88
2018/9/13,«·∂»Œ€»æ,363,79,100,4,47,0.93,91
2018/9/14,«·∂»Œ€»æ,365,97,114,3,48,1.04,86
2018/9/15,”≈,122,17,25,1,19,0.38,51
2018/9/16,”≈,73,6,24,2,28,0.34,49
2018/9/17,”≈,199,11,42,2,44,0.42,30
2018/9/18,”≈,250,18,52,2,45,0.53,32
2018/9/19,¡º,259,25,58,7,50,0.68,23
2018/9/20,¡º,310,41,67,2,46,0.72,57
2018/9/21,”≈,183,16,45,2,26,0.36,39
2018/9/22,”≈,20,5,26,1,16,0.25,48
2018/9/23,”≈,56,5,27,2,19,0.26,39
2018/9/24,”≈,45,6,21,2,23,0.31,40
2018/9/25,”≈,203,21,48,3,29,0.6,61
2018/9/26,¡º,264,32,54,2,38,0.62,49
2018/9/27,¡º,347,62,80,4,56,0.89,33
2018/9/28,¡º,334,52,22,2,34,0.75,37
2018/9/29,”≈,3,6,13,4,21,0.32,37
2018/9/30,”≈,9,5,18,2,19,0.3,37
2018/10/1,”≈,36,7,19,3,17,0.3,59
2018/10/2,”≈,26,10,27,2,31,0.4,45
2018/10/3,”≈,41,11,32,3,38,0.44,44
2018/10/4,¡º,200,41,70,7,51,0.96,69
2018/10/5,«·∂»Œ€»æ,346,78,94,7,52,1.2,66
2018/10/6,”≈,24,9,22,2,17,0.3,54
2018/10/7,”≈,38,9,34,2,35,0.34,34
2018/10/8,”≈,68,9,34,2,33,0.36,42
2018/10/9,”≈,12,3,14,2,12,0.22,43
2018/10/10,”≈,23,5,22,2,23,0.3,31
2018/10/11,”≈,45,9,29,2,32,0.32,33
2018/10/12,¡º,226,33,71,3,54,0.56,33
2018/10/13,«·∂»Œ€»æ,355,80,103,6,69,0.97,44
2018/10/14,÷–∂»Œ€»æ,366,136,147,4,73,1.22,52
2018/10/15,÷–∂»Œ€»æ,365,152,122,4,67,1.41,33
2018/10/16,¡º,302,60,21,2,34,0.86,45
2018/10/17,¡º,197,32,38,2,39,0.65,28
2018/10/18,”≈,177,28,48,2,49,0.57,32
2018/10/19,¡º,264,41,56,3,54,0.64,40
2018/10/20,¡º,327,63,77,4,64,0.82,39
2018/10/21,«·∂»Œ€»æ,355,108,118,6,80,1.27,26
2018/10/22,÷–∂»Œ€»æ,366,121,86,4,58,1.21,33
2018/10/23,”≈,78,13,40,2,31,0.36,34
2018/10/24,¡º,225,40,88,3,61,0.77,20
2018/10/25,«·∂»Œ€»æ,332,80,118,7,72,1.37,16
2018/10/26,”≈,92,4,46,2,9,0.21,52
2018/10/27,”≈,48,9,31,3,24,0.28,42
2018/10/28,”≈,66,4,27,2,9,0.2,65
2018/10/29,”≈,12,4,18,2,18,0.25,46
2018/10/30,”≈,44,10,31,2,36,0.42,32
2018/10/31,”≈,88,21,51,4,46,0.73,21
2018/11/1,¡º,219,43,71,5,59,0.94,23
2018/11/2,÷–∂»Œ€»æ,361,113,130,7,92,1.48,17
2018/11/3,÷ÿ∂»Œ€»æ,365,160,157,7,87,1.68,34
2018/11/4,«·∂»Œ€»æ,342,81,57,2,48,0.85,17
2018/11/5,”≈,23,18,26,2,35,0.45,17
2018/11/6,”≈,87,14,32,2,38,0.48,19
2018/11/7,¡º,246,26,53,3,48,0.69,10
2018/11/8,¡º,341,66,98,6,70,1.1,6
2018/11/9,¡º,243,34,63,3,40,0.66,32
2018/11/10,”≈,44,12,37,2,36,0.38,24
2018/11/11,¡º,231,44,78,4,54,0.73,22
2018/11/12,«·∂»Œ€»æ,330,94,117,5,71,1.15,15
2018/11/13,÷ÿ∂»Œ€»æ,363,175,110,5,78,1.69,15
2018/11/14,—œ÷ÿŒ€»æ,367,223,51,4,75,2.24,15
2018/11/15,¡º,296,65,17,2,32,0.87,30
2018/11/16,”≈,92,12,27,3,27,0.38,37
2018/11/17,¡º,311,41,77,6,58,0.79,10
2018/11/18,¡º,269,31,78,5,40,0.68,30
2018/11/19,¡º,271,43,93,9,62,1.01,10
2018/11/20,¡º,239,39,85,7,50,0.83,23
2018/11/21,”≈,127,19,47,3,30,0.49,33
2018/11/22,¡º,164,26,61,6,47,0.7,18
2018/11/23,¡º,286,67,103,12,61,1.38,6
2018/11/24,«·∂»Œ€»æ,289,87,107,9,59,1.18,21
2018/11/25,«·∂»Œ€»æ,248,87,113,7,69,1.3,11
2018/11/26,—œ÷ÿŒ€»æ,321,204,233,10,101,2.25,6
2018/11/27,÷–∂»Œ€»æ,287,56,282,2,30,0.51,40
2018/11/28,«·∂»Œ€»æ,226,54,179,14,65,1.25,7
2018/11/29,«·∂»Œ€»æ,229,56,156,13,63,1.51,8
2018/11/30,«·∂»Œ€»æ,239,87,177,11,80,1.89,7
2018/12/1,÷–∂»Œ€»æ,284,126,199,9,81,1.92,12
2018/12/2,÷ÿ∂»Œ€»æ,319,182,242,7,86,2.58,3
2018/12/3,÷–∂»Œ€»æ,318,66,266,2,21,0.52,45
2018/12/4,¡º,197,15,71,2,22,0.36,38
2018/12/5,¡º,252,36,98,8,56,1.01,5
2018/12/6,”≈,107,9,38,2,15,0.36,46
2018/12/7,”≈,132,5,36,2,11,0.32,49
2018/12/8,”≈,156,8,35,3,19,0.32,47
2018/12/9,¡º,221,38,69,8,55,0.86,13
2018/12/10,¡º,244,56,88,11,63,1.1,8
2018/12/11,¡º,151,22,55,6,31,0.57,32
2018/12/12,¡º,104,27,59,7,52,0.76,17
2018/12/13,”≈,52,13,41,4,35,0.48,34
2018/12/14,¡º,153,45,73,9,62,0.93,12
2018/12/15,«·∂»Œ€»æ,289,88,115,13,82,1.51,6
2018/12/16,«·∂»Œ€»æ,220,66,108,7,58,1.27,29
2018/12/17,¡º,82,26,57,5,44,0.62,36
2018/12/18,¡º,68,26,56,5,48,0.74,26
2018/12/19,¡º,89,31,69,7,58,0.94,12
2018/12/20,¡º,187,53,93,9,71,1.17,5
2018/12/21,¡º,240,60,109,11,58,1.24,25
